ca65 V2.18 - Ubuntu 2.19-1
Main file   : title/boot-greated.asm
Current file: title/boot-greated.asm

000000r 1               ; # GreatEd Startup code
000000r 1               ;
000000r 1               ; This is used for hacks made with greated
000000r 1               ;
000000r 1               
000000r 1               .segment "PRACTISE_PRG0"
000000r 1               TitleReset2:
000000r 1  A9 80            lda #%10000000     ; enable battery backed wram
000002r 1  8D 01 A0         sta $A001          ;
000005r 1               ; include title file
000005r 1               .include "title.asm"
000005r 2               ; # Main menu screen code
000005r 2               ;
000005r 2               ; This contains all the code used for the practise rom.
000005r 2               ;
000005r 2               ; It is included from the "boot" files.
000005r 2               ;
000005r 2               
000005r 2               .p02
000005r 2               .linecont +
000005r 2               .include "ascii.asm"
000005r 3               ; tell cc65 to convert ascii into smb1 charset
000005r 3               
000005r 3               ; space
000005r 3               .charmap    $20,   $24
000005r 3               ; !
000005r 3               .charmap    $21,   $2B
000005r 3               ; -
000005r 3               .charmap    $2D,   $28
000005r 3               ; x to cross
000005r 3               .charmap    $78,   $29
000005r 3               ; c to copyright
000005r 3               .charmap    $62,   $CF
000005r 3               ; m to mushroom
000005r 3               .charmap    $6D,   $CE
000005r 3               ; / to chain
000005r 3               .charmap    $2F,   $7F
000005r 3               
000005r 3               
000005r 3               ; 0
000005r 3               .charmap $30+00,   $00
000005r 3               ; 1
000005r 3               .charmap $30+01,   $01
000005r 3               ; 2
000005r 3               .charmap $30+02,   $02
000005r 3               ; 3
000005r 3               .charmap $30+03,   $03
000005r 3               ; 4
000005r 3               .charmap $30+04,   $04
000005r 3               ; 5
000005r 3               .charmap $30+05,   $05
000005r 3               ; 6
000005r 3               .charmap $30+06,   $06
000005r 3               ; 7
000005r 3               .charmap $30+07,   $07
000005r 3               ; 8
000005r 3               .charmap $30+08,   $08
000005r 3               ; 9
000005r 3               .charmap $30+09,   $09
000005r 3               
000005r 3               ; A
000005r 3               .charmap $41+00, $A+00
000005r 3               ; B
000005r 3               .charmap $41+01, $A+01
000005r 3               ; C
000005r 3               .charmap $41+02, $A+02
000005r 3               ; D
000005r 3               .charmap $41+03, $A+03
000005r 3               ; E
000005r 3               .charmap $41+04, $A+04
000005r 3               ; F
000005r 3               .charmap $41+05, $A+05
000005r 3               ; G
000005r 3               .charmap $41+06, $A+06
000005r 3               ; H
000005r 3               .charmap $41+07, $A+07
000005r 3               ; I
000005r 3               .charmap $41+08, $A+08
000005r 3               ; J
000005r 3               .charmap $41+09, $A+09
000005r 3               ; K
000005r 3               .charmap $41+10, $A+10
000005r 3               ; L
000005r 3               .charmap $41+11, $A+11
000005r 3               ; M
000005r 3               .charmap $41+12, $A+12
000005r 3               ; N
000005r 3               .charmap $41+13, $A+13
000005r 3               ; O
000005r 3               .charmap $41+14, $A+14
000005r 3               ; P
000005r 3               .charmap $41+15, $A+15
000005r 3               ; Q
000005r 3               .charmap $41+16, $A+16
000005r 3               ; R
000005r 3               .charmap $41+17, $A+17
000005r 3               ; S
000005r 3               .charmap $41+18, $A+18
000005r 3               ; T
000005r 3               .charmap $41+19, $A+19
000005r 3               ; U
000005r 3               .charmap $41+20, $A+20
000005r 3               ; V
000005r 3               .charmap $41+21, $A+21
000005r 3               ; W
000005r 3               .charmap $41+22, $A+22
000005r 3               ; X
000005r 3               .charmap $41+23, $A+23
000005r 3               ; Y
000005r 3               .charmap $41+24, $A+24
000005r 3               ; Z
000005r 3               .charmap $41+25, $A+25
000005r 3               
000005r 2               .include "../defines.inc"
000005r 3               
000005r 3               ;-------------------------------------------------------------------------------------
000005r 3               ;DEFINES
000005r 3               
000005r 3               ;NES specific hardware defines
000005r 3               
000005r 3               PPU_CTRL              = $2000
000005r 3               PPU_CTRL_REG1         = $2000
000005r 3               PPU_MASK              = $2001
000005r 3               PPU_CTRL_REG2         = $2001
000005r 3               PPU_STATUS            = $2002
000005r 3               PPU_SPR_ADDR          = $2003
000005r 3               PPU_SPR_DATA          = $2004
000005r 3               PPU_SCROLL            = $2005
000005r 3               PPU_SCROLL_REG        = $2005
000005r 3               PPU_ADDRESS           = $2006
000005r 3               PPU_DATA              = $2007
000005r 3               
000005r 3               SND_REGISTER          = $4000
000005r 3               SND_SQUARE1_REG       = $4000
000005r 3               SND_SQUARE2_REG       = $4004
000005r 3               SND_TRIANGLE_REG      = $4008
000005r 3               SND_NOISE_REG         = $400c
000005r 3               SND_DELTA_REG         = $4010
000005r 3               SND_MASTERCTRL_REG    = $4015
000005r 3               
000005r 3               SPR_DMA               = $4014
000005r 3               JOYPAD_PORT           = $4016
000005r 3               JOYPAD_PORT1          = $4016
000005r 3               JOYPAD_PORT2          = $4017
000005r 3               
000005r 3               ; GAME SPECIFIC DEFINES
000005r 3               
000005r 3               ObjectOffset          = $08
000005r 3               
000005r 3               FrameCounter          = $09
000005r 3               
000005r 3               SavedJoypadBits       = $06fc
000005r 3               SavedJoypad1Bits      = $06fc
000005r 3               SavedJoypad2Bits      = $06fd
000005r 3               JoypadBitMask         = $074a
000005r 3               JoypadOverride        = $0758
000005r 3               
000005r 3               A_B_Buttons           = $0a
000005r 3               PreviousA_B_Buttons   = $0d
000005r 3               Up_Down_Buttons       = $0b
000005r 3               Left_Right_Buttons    = $0c
000005r 3               
000005r 3               GameEngineSubroutine  = $0e
000005r 3               
000005r 3               Mirror_PPU_CTRL       = $0778
000005r 3               Mirror_PPU_CTRL_REG1  = $0778
000005r 3               Mirror_PPU_MASK       = $0779
000005r 3               Mirror_PPU_CTRL_REG2  = $0779
000005r 3               Mirror_FDS_CTRL_REG   = $fa
000005r 3               NameTableSelect       = $077a
000005r 3               FileListNumber        = $07f7
000005r 3               
000005r 3               OperMode              = $0770
000005r 3               OperMode_Task         = $0772
000005r 3               ScreenRoutineTask     = $073c
000005r 3               
000005r 3               DiskIOTask            = $07fc
000005r 3               NotColdFlag           = $07fd
000005r 3               
000005r 3               GamePauseStatus       = $0776
000005r 3               GamePauseTimer        = $0777
000005r 3               
000005r 3               DemoAction            = $0717
000005r 3               DemoActionTimer       = $0718
000005r 3               
000005r 3               TimerControl          = $0747
000005r 3               IntervalTimerControl  = $077f
000005r 3               
000005r 3               Timers                = $0780
000005r 3               SelectTimer           = $0780
000005r 3               PlayerAnimTimer       = $0781
000005r 3               JumpSwimTimer         = $0782
000005r 3               RunningTimer          = $0783
000005r 3               BlockBounceTimer      = $0784
000005r 3               SideCollisionTimer    = $0785
000005r 3               JumpspringTimer       = $0786
000005r 3               GameTimerCtrlTimer    = $0787
000005r 3               ClimbSideTimer        = $0789
000005r 3               EnemyFrameTimer       = $078a
000005r 3               FrenzyEnemyTimer      = $078f
000005r 3               BowserFireBreathTimer = $0790
000005r 3               StompTimer            = $0791
000005r 3               AirBubbleTimer        = $0792
000005r 3               ScrollIntervalTimer   = $0795
000005r 3               EnemyIntervalTimer    = $0796
000005r 3               BrickCoinTimer        = $079d
000005r 3               InjuryTimer           = $079e
000005r 3               StarInvincibleTimer   = $079f
000005r 3               ScreenTimer           = $07a0
000005r 3               WorldEndTimer         = $07a1
000005r 3               DemoTimer             = $07a2
000005r 3               GameOverMsgFlag       = $07f5
000005r 3               
000005r 3               SpriteLen = $4
000005r 3               Sprite_Data           = $0200
000005r 3               Sprite_Y_Position     = $0200
000005r 3               Sprite_Tilenumber     = $0201
000005r 3               Sprite_Attributes     = $0202
000005r 3               Sprite_X_Position     = $0203
000005r 3               
000005r 3               ScreenEdge_PageLoc    = $071a
000005r 3               ScreenEdge_X_Pos      = $071c
000005r 3               ScreenLeft_PageLoc    = $071a
000005r 3               ScreenRight_PageLoc   = $071b
000005r 3               ScreenLeft_X_Pos      = $071c
000005r 3               ScreenRight_X_Pos     = $071d
000005r 3               
000005r 3               PlayerFacingDir       = $33
000005r 3               DestinationPageLoc    = $34
000005r 3               VictoryWalkControl    = $35
000005r 3               ScrollFractional      = $0768
000005r 3               SecondaryMsgCounter   = $0749
000005r 3               MsgCounter            = $0719
000005r 3               MsgFractional         = $0749
000005r 3               
000005r 3               EndControlCntr        = $0761
000005r 3               BlueColorOfs          = $0762
000005r 3               BlueDelayFlag         = $0763
000005r 3               MushroomRetDelay      = $0764
000005r 3               MRetainerOffset       = $0762
000005r 3               CurrentFlashMRet      = $0763
000005r 3               
000005r 3               HorizontalScroll      = $073f
000005r 3               VerticalScroll        = $0740
000005r 3               ScrollLock            = $0723
000005r 3               ScrollThirtyTwo       = $073d
000005r 3               Player_X_Scroll       = $06ff
000005r 3               Player_Pos_ForScroll  = $0755
000005r 3               ScrollAmount          = $0775
000005r 3               
000005r 3               AreaData              = $e7
000005r 3               AreaDataLow           = $e7
000005r 3               AreaDataHigh          = $e8
000005r 3               EnemyData             = $e9
000005r 3               EnemyDataLow          = $e9
000005r 3               EnemyDataHigh         = $ea
000005r 3               AreaDataCopy          = $6010
000005r 3               EnemyDataCopy         = $6110
000005r 3               
000005r 3               AreaParserTaskNum     = $071f
000005r 3               ColumnSets            = $071e
000005r 3               CurrentPageLoc        = $0725
000005r 3               CurrentColumnPos      = $0726
000005r 3               BackloadingFlag       = $0728
000005r 3               BehindAreaParserFlag  = $0729
000005r 3               AreaObjectPageLoc     = $072a
000005r 3               AreaObjectPageSel     = $072b
000005r 3               AreaDataOffset        = $072c
000005r 3               AreaObjOffsetBuffer   = $072d
000005r 3               AreaObjectLength      = $0730
000005r 3               StaircaseControl      = $0734
000005r 3               AreaObjectHeight      = $0735
000005r 3               MushroomLedgeHalfLen  = $0736
000005r 3               EnemyDataOffset       = $0739
000005r 3               EnemyObjectPageLoc    = $073a
000005r 3               EnemyObjectPageSel    = $073b
000005r 3               MetatileBuffer        = $06a1
000005r 3               BlockBufferColumnPos  = $06a0
000005r 3               CurrentNTAddr_Low     = $0721
000005r 3               CurrentNTAddr_High    = $0720
000005r 3               AttributeBuffer       = $03f9
000005r 3               
000005r 3               LoopCommand           = $0745
000005r 3               
000005r 3               DisplayDigits         = $07d7
000005r 3               TopScoreDisplay       = $07d7
000005r 3               ScoreAndCoinDisplay   = $07dd
000005r 3               PlayerScoreDisplay    = $07dd
000005r 3               GameTimerDisplay      = $07ec
000005r 3               CoinDisplay           = $07e7
000005r 3               DigitModifier         = $0134
000005r 3               
000005r 3               VerticalFlipFlag      = $0109
000005r 3               FloateyNum_Control    = $0110
000005r 3               ShellChainCounter     = $0125
000005r 3               FloateyNum_Timer      = $012c
000005r 3               FloateyNum_X_Pos      = $0117
000005r 3               FloateyNum_Y_Pos      = $011e
000005r 3               FlagpoleFNum_Y_Pos    = $010d
000005r 3               FlagpoleFNum_YMFDummy = $010e
000005r 3               FlagpoleScore         = $010f
000005r 3               FlagpoleCollisionYPos = $070f
000005r 3               StompChainCounter     = $0484
000005r 3               FlagpoleMusicFlag     = $07f6
000005r 3               
000005r 3               VRAM_Buffer1_Offset   = $0300
000005r 3               VRAM_Buffer1          = $0301
000005r 3               VRAM_Buffer2_Offset   = $0340
000005r 3               VRAM_Buffer2          = $0341
000005r 3               VRAM_Buffer_AddrCtrl  = $0773
000005r 3               IRQAckFlag			  = $077b
000005r 3               IRQUpdateFlag  		  = $0722
000005r 3               DisableScreenFlag     = $0774
000005r 3               DisableIntermediate   = $0769
000005r 3               ColorRotateOffset     = $06d4
000005r 3               
000005r 3               TerrainControl        = $0727
000005r 3               AreaStyle             = $0733
000005r 3               ForegroundScenery     = $0741
000005r 3               BackgroundScenery     = $0742
000005r 3               CloudTypeOverride     = $0743
000005r 3               BackgroundColorCtrl   = $0744
000005r 3               AreaType              = $074e
000005r 3               AreaAddrsLOffset      = $074f
000005r 3               AreaPointer           = $0750
000005r 3               
000005r 3               PlayerEntranceCtrl    = $0710
000005r 3               GameTimerSetting      = $0715
000005r 3               AltEntranceControl    = $0752
000005r 3               EntrancePage          = $0751
000005r 3               WarpZoneControl       = $06d6
000005r 3               ChangeAreaTimer       = $06de
000005r 3               
000005r 3               MultiLoopCorrectCntr  = $06d9
000005r 3               MultiLoopPassCntr     = $06da
000005r 3               
000005r 3               FetchNewGameTimerFlag = $0757
000005r 3               GameTimerExpiredFlag  = $0759
000005r 3               
000005r 3               PrimaryHardMode       = $076a
000005r 3               SecondaryHardMode     = $06cc
000005r 3               WorldSelectNumber     = $076b
000005r 3               CompletedWorlds       = $07fa
000005r 3               HardWorldFlag         = $07fb
000005r 3               ContinueMenuSelect    = $07f8
000005r 3               
000005r 3               SelectedPlayer        = $0753
000005r 3               PlayerSize            = $0754
000005r 3               PlayerStatus          = $0756
000005r 3               
000005r 3               OnscreenPlayerInfo    = $075a
000005r 3               NumberofLives         = $075a ;used by current player
000005r 3               HalfwayPage           = $075b
000005r 3               LevelNumber           = $075c ;the actual dash number
000005r 3               Hidden1UpFlag         = $075d
000005r 3               CoinTally             = $075e
000005r 3               WorldNumber           = $075f
000005r 3               AreaNumber            = $0760 ;internal number used to find areas
000005r 3               
000005r 3               CoinTallyFor1Ups      = $0748
000005r 3               
000005r 3               BalPlatformAlignment  = $03a0
000005r 3               Platform_X_Scroll     = $03a1
000005r 3               PlatformCollisionFlag = $03a2
000005r 3               YPlatformTopYPos      = $0401
000005r 3               YPlatformCenterYPos   = $58
000005r 3               
000005r 3               BrickCoinTimerFlag    = $06bc
000005r 3               StarFlagTaskControl   = $0746
000005r 3               
000005r 3               PseudoRandomBitReg    = $07a7
000005r 3               WarmBootValidation    = $07ff
000005r 3               
000005r 3               SprShuffleAmtOffset   = $06e0
000005r 3               SprShuffleAmt         = $06e1
000005r 3               SprDataOffset         = $06e4
000005r 3               Player_SprDataOffset  = $06e4
000005r 3               Enemy_SprDataOffset   = $06e5
000005r 3               Block_SprDataOffset   = $06ec
000005r 3               Alt_SprDataOffset     = $06ec
000005r 3               Bubble_SprDataOffset  = $06ee
000005r 3               FBall_SprDataOffset   = $06f1
000005r 3               Misc_SprDataOffset    = $06f3
000005r 3               SprDataOffset_Ctrl    = $03ee
000005r 3               
000005r 3               Player_State          = $1d
000005r 3               Enemy_State           = $1e
000005r 3               Fireball_State        = $24
000005r 3               Block_State           = $26
000005r 3               Misc_State            = $2a
000005r 3               
000005r 3               Player_MovingDir      = $45
000005r 3               Enemy_MovingDir       = $46
000005r 3               
000005r 3               SprObject_X_Speed     = $57
000005r 3               Player_X_Speed        = $57
000005r 3               Enemy_X_Speed         = $58
000005r 3               Fireball_X_Speed      = $5e
000005r 3               Block_X_Speed         = $60
000005r 3               Misc_X_Speed          = $64
000005r 3               
000005r 3               Jumpspring_FixedYPos  = $58
000005r 3               JumpspringAnimCtrl    = $070e
000005r 3               JumpspringForce       = $06db
000005r 3               
000005r 3               SprObject_PageLoc     = $6d
000005r 3               Player_PageLoc        = $6d
000005r 3               Enemy_PageLoc         = $6e
000005r 3               Fireball_PageLoc      = $74
000005r 3               Block_PageLoc         = $76
000005r 3               Misc_PageLoc          = $7a
000005r 3               Bubble_PageLoc        = $83
000005r 3               
000005r 3               SprObject_X_Position  = $86
000005r 3               Player_X_Position     = $86
000005r 3               Enemy_X_Position      = $87
000005r 3               Fireball_X_Position   = $8d
000005r 3               Block_X_Position      = $8f
000005r 3               Misc_X_Position       = $93
000005r 3               Bubble_X_Position     = $9c
000005r 3               
000005r 3               SprObject_Y_Speed     = $9f
000005r 3               Player_Y_Speed        = $9f
000005r 3               Enemy_Y_Speed         = $a0
000005r 3               Fireball_Y_Speed      = $a6
000005r 3               Block_Y_Speed         = $a8
000005r 3               Misc_Y_Speed          = $ac
000005r 3               
000005r 3               SprObject_Y_HighPos   = $b5
000005r 3               Player_Y_HighPos      = $b5
000005r 3               Enemy_Y_HighPos       = $b6
000005r 3               Fireball_Y_HighPos    = $bc
000005r 3               Block_Y_HighPos       = $be
000005r 3               Misc_Y_HighPos        = $c2
000005r 3               Bubble_Y_HighPos      = $cb
000005r 3               
000005r 3               SprObject_Y_Position  = $ce
000005r 3               Player_Y_Position     = $ce
000005r 3               Enemy_Y_Position      = $cf
000005r 3               Fireball_Y_Position   = $d5
000005r 3               Block_Y_Position      = $d7
000005r 3               Misc_Y_Position       = $db
000005r 3               Bubble_Y_Position     = $e4
000005r 3               
000005r 3               SprObject_Rel_XPos    = $03ad
000005r 3               Player_Rel_XPos       = $03ad
000005r 3               Enemy_Rel_XPos        = $03ae
000005r 3               Fireball_Rel_XPos     = $03af
000005r 3               Bubble_Rel_XPos       = $03b0
000005r 3               Block_Rel_XPos        = $03b1
000005r 3               Misc_Rel_XPos         = $03b3
000005r 3               
000005r 3               SprObject_Rel_YPos    = $03b8
000005r 3               Player_Rel_YPos       = $03b8
000005r 3               Enemy_Rel_YPos        = $03b9
000005r 3               Fireball_Rel_YPos     = $03ba
000005r 3               Bubble_Rel_YPos       = $03bb
000005r 3               Block_Rel_YPos        = $03bc
000005r 3               Misc_Rel_YPos         = $03be
000005r 3               
000005r 3               SprObject_SprAttrib   = $03c4
000005r 3               Player_SprAttrib      = $03c4
000005r 3               Enemy_SprAttrib       = $03c5
000005r 3               
000005r 3               SprObject_X_MoveForce = $0400
000005r 3               Enemy_X_MoveForce     = $0401
000005r 3               
000005r 3               SprObject_YMF_Dummy   = $0416
000005r 3               Player_YMF_Dummy      = $0416
000005r 3               Enemy_YMF_Dummy       = $0417
000005r 3               Bubble_YMF_Dummy      = $042c
000005r 3               
000005r 3               SprObject_Y_MoveForce = $0433
000005r 3               Player_Y_MoveForce    = $0433
000005r 3               Enemy_Y_MoveForce     = $0434
000005r 3               Block_Y_MoveForce     = $043c
000005r 3               
000005r 3               DisableCollisionDet   = $0716
000005r 3               Player_CollisionBits  = $0490
000005r 3               Enemy_CollisionBits   = $0491
000005r 3               
000005r 3               SprObj_BoundBoxCtrl   = $0499
000005r 3               Player_BoundBoxCtrl   = $0499
000005r 3               Enemy_BoundBoxCtrl    = $049a
000005r 3               Fireball_BoundBoxCtrl = $04a0
000005r 3               Misc_BoundBoxCtrl     = $04a2
000005r 3               
000005r 3               EnemyFrenzyBuffer     = $06cb
000005r 3               EnemyFrenzyQueue      = $06cd
000005r 3               Enemy_Flag            = $0f
000005r 3               Enemy_ID              = $16
000005r 3               
000005r 3               PlayerGfxOffset       = $06d5
000005r 3               Player_XSpeedAbsolute = $0700
000005r 3               FrictionAdderHigh     = $0701
000005r 3               FrictionAdderLow      = $0702
000005r 3               RunningSpeed          = $0703
000005r 3               SwimmingFlag          = $0704
000005r 3               Player_X_MoveForce    = $0705
000005r 3               DiffToHaltJump        = $0706
000005r 3               JumpOrigin_Y_HighPos  = $0707
000005r 3               JumpOrigin_Y_Position = $0708
000005r 3               VerticalForce         = $0709
000005r 3               VerticalForceDown     = $070a
000005r 3               PlayerChangeSizeFlag  = $070b
000005r 3               PlayerAnimTimerSet    = $070c
000005r 3               PlayerAnimCtrl        = $070d
000005r 3               DeathMusicLoaded      = $0712
000005r 3               FlagpoleSoundQueue    = $0713
000005r 3               CrouchingFlag         = $0714
000005r 3               MaximumLeftSpeed      = $0450
000005r 3               MaximumRightSpeed     = $0456
000005r 3               
000005r 3               WindFlag              = $07f9
000005r 3               
000005r 3               SprObject_OffscrBits  = $03d0
000005r 3               Player_OffscreenBits  = $03d0
000005r 3               Enemy_OffscreenBits   = $03d1
000005r 3               FBall_OffscreenBits   = $03d2
000005r 3               Bubble_OffscreenBits  = $03d3
000005r 3               Block_OffscreenBits   = $03d4
000005r 3               Misc_OffscreenBits    = $03d6
000005r 3               EnemyOffscrBitsMasked = $03d8
000005r 3               
000005r 3               Cannon_Offset         = $046a
000005r 3               Cannon_PageLoc        = $046b
000005r 3               Cannon_X_Position     = $0471
000005r 3               Cannon_Y_Position     = $0477
000005r 3               Cannon_Timer          = $047d
000005r 3               
000005r 3               Whirlpool_Offset      = $046a
000005r 3               Whirlpool_PageLoc     = $046b
000005r 3               Whirlpool_LeftExtent  = $0471
000005r 3               Whirlpool_Length      = $0477
000005r 3               Whirlpool_Flag        = $047d
000005r 3               
000005r 3               VineFlagOffset        = $0398
000005r 3               VineHeight            = $0399
000005r 3               VineObjOffset         = $039a
000005r 3               VineStart_Y_Position  = $039d
000005r 3               
000005r 3               Block_Orig_YPos       = $03e4
000005r 3               Block_BBuf_Low        = $03e6
000005r 3               Block_Metatile        = $03e8
000005r 3               Block_PageLoc2        = $03ea
000005r 3               Block_RepFlag         = $03ec
000005r 3               Block_ResidualCounter = $03f0
000005r 3               Block_Orig_XPos       = $03f1
000005r 3               
000005r 3               BoundingBox_UL_XPos   = $04ac
000005r 3               BoundingBox_UL_YPos   = $04ad
000005r 3               BoundingBox_DR_XPos   = $04ae
000005r 3               BoundingBox_DR_YPos   = $04af
000005r 3               BoundingBox_UL_Corner = $04ac
000005r 3               BoundingBox_LR_Corner = $04ae
000005r 3               EnemyBoundingBoxCoord = $04b0
000005r 3               
000005r 3               PowerUpType           = $39
000005r 3               
000005r 3               FireballBouncingFlag  = $3a
000005r 3               FireballCounter       = $06ce
000005r 3               FireballThrowingTimer = $0711
000005r 3               
000005r 3               HammerEnemyOffset     = $06ae
000005r 3               JumpCoinMiscOffset    = $06b7
000005r 3               
000005r 3               Block_Buffer_1        = $0500
000005r 3               Block_Buffer_2        = $05d0
000005r 3               
000005r 3               HammerThrowingTimer   = $03a2
000005r 3               HammerBroJumpTimer    = $3c
000005r 3               Misc_Collision_Flag   = $06be
000005r 3               
000005r 3               RedPTroopaOrigXPos    = $0401
000005r 3               RedPTroopaCenterYPos  = $58
000005r 3               
000005r 3               XMovePrimaryCounter   = $a0
000005r 3               XMoveSecondaryCounter = $58
000005r 3               
000005r 3               CheepCheepMoveMFlag   = $58
000005r 3               CheepCheepOrigYPos    = $0434
000005r 3               BitMFilter            = $06dd
000005r 3               
000005r 3               LakituReappearTimer   = $06d1
000005r 3               LakituMoveSpeed       = $58
000005r 3               LakituMoveDirection   = $a0
000005r 3               
000005r 3               FirebarSpinState_Low  = $58
000005r 3               FirebarSpinState_High = $a0
000005r 3               FirebarSpinSpeed      = $0388
000005r 3               FirebarSpinDirection  = $34
000005r 3               
000005r 3               DuplicateObj_Offset   = $06cf
000005r 3               NumberofGroupEnemies  = $06d3
000005r 3               
000005r 3               BlooperMoveCounter    = $a0
000005r 3               BlooperMoveSpeed      = $58
000005r 3               
000005r 3               BowserBodyControls    = $0363
000005r 3               BowserFeetCounter     = $0364
000005r 3               BowserMovementSpeed   = $0365
000005r 3               BowserOrigXPos        = $0366
000005r 3               BowserFlameTimerCtrl  = $0367
000005r 3               BowserFront_Offset    = $0368
000005r 3               BridgeCollapseOffset  = $0369
000005r 3               BowserGfxFlag         = $036a
000005r 3               BowserHitPoints       = $0483
000005r 3               MaxRangeFromOrigin    = $06dc
000005r 3               
000005r 3               BowserFlamePRandomOfs = $0417
000005r 3               
000005r 3               PiranhaPlantUpYPos    = $0417
000005r 3               PiranhaPlantDownYPos  = $0434
000005r 3               PiranhaPlant_Y_Speed  = $58
000005r 3               PiranhaPlant_MoveFlag = $a0
000005r 3               
000005r 3               FireworksCounter      = $06d7
000005r 3               ExplosionGfxCounter   = $58
000005r 3               ExplosionTimerCounter = $a0
000005r 3               
000005r 3               LeavesXPosCopy        = $6210
000005r 3               LeavesYPosCopy        = $621c
000005r 3               
000005r 3               SaveDataHeader        = $6000
000005r 3               GamesBeatenCount      = $6007
000005r 3               ContinueWorld         = $6008
000005r 3               SavedHardWorldFlag    = $6009
000005r 3               SavedCompletedWorlds  = $600a
000005r 3               
000005r 3               IncrementRNG_122      = $600b
000005r 3               
000005r 3               ;sound related defines
000005r 3               Squ2_NoteLenBuffer    = $07b3
000005r 3               Squ2_NoteLenCounter   = $07b4
000005r 3               Squ2_EnvelopeDataCtrl = $07b5
000005r 3               Squ1_NoteLenCounter   = $07b6
000005r 3               Squ1_EnvelopeDataCtrl = $07b7
000005r 3               Tri_NoteLenBuffer     = $07b8
000005r 3               Tri_NoteLenCounter    = $07b9
000005r 3               Noise_BeatLenCounter  = $07ba
000005r 3               Squ1_SfxLenCounter    = $07bb
000005r 3               Squ2_SfxLenCounter    = $07bd
000005r 3               Sfx_SecondaryCounter  = $07be
000005r 3               Noise_SfxLenCounter   = $07bf
000005r 3               
000005r 3               PauseSoundQueue       = $fa
000005r 3               Square1SoundQueue     = $ff
000005r 3               Square2SoundQueue     = $fe
000005r 3               NoiseSoundQueue       = $fd
000005r 3               AreaMusicQueue        = $fb
000005r 3               EventMusicQueue       = $fc
000005r 3               
000005r 3               Square1SoundBuffer    = $f1
000005r 3               Square2SoundBuffer    = $f2
000005r 3               NoiseSoundBuffer      = $f3
000005r 3               AreaMusicBuffer       = $f4
000005r 3               EventMusicBuffer      = $07b1
000005r 3               PauseSoundBuffer      = $07b2
000005r 3               
000005r 3               PatternNumber         = $061d
000005r 3               
000005r 3               MusicData             = $f5
000005r 3               MusicDataLow          = $f5
000005r 3               MusicDataHigh         = $f6
000005r 3               MusicOffset_Square2   = $f7
000005r 3               MusicOffset_Square1   = $f8
000005r 3               MusicOffset_Triangle  = $f9
000005r 3               MusicOffset_Noise     = $07b0
000005r 3               
000005r 3               NoteLenLookupTblOfs   = $f0
000005r 3               DAC_Counter           = $07c0
000005r 3               NoiseDataLoopbackOfs  = $07c1
000005r 3               NoteLengthTblAdder    = $07c4
000005r 3               AreaMusicBuffer_Alt   = $07c5
000005r 3               PauseModeFlag         = $07c6
000005r 3               GroundMusicHeaderOfs  = $07c7
000005r 3               AltRegContentFlag     = $07ca
000005r 3               
000005r 3               ;-------------------------------------------------------------------------------------
000005r 3               ;CONSTANTS
000005r 3               
000005r 3               ;sound effects constants
000005r 3               Sfx_SmallJump         = %10000000
000005r 3               Sfx_Flagpole          = %01000000
000005r 3               Sfx_Fireball          = %00100000
000005r 3               Sfx_PipeDown_Injury   = %00010000
000005r 3               Sfx_EnemySmack        = %00001000
000005r 3               Sfx_EnemyStomp        = %00000100
000005r 3               Sfx_Bump              = %00000010
000005r 3               Sfx_BigJump           = %00000001
000005r 3               
000005r 3               Sfx_BowserFall        = %10000000
000005r 3               Sfx_ExtraLife         = %01000000
000005r 3               Sfx_PowerUpGrab       = %00100000
000005r 3               Sfx_TimerTick         = %00010000
000005r 3               Sfx_Blast             = %00001000
000005r 3               Sfx_GrowVine          = %00000100
000005r 3               Sfx_GrowPowerUp       = %00000010
000005r 3               Sfx_CoinGrab          = %00000001
000005r 3               
000005r 3               Sfx_BowserFlame       = %00000010
000005r 3               Sfx_BrickShatter      = %00000001
000005r 3               
000005r 3               ;music constants
000005r 3               Silence               = %10000000
000005r 3               
000005r 3               StarPowerMusic        = %01000000
000005r 3               PipeIntroMusic        = %00100000
000005r 3               CloudMusic            = %00010000
000005r 3               CastleMusic           = %00001000
000005r 3               UndergroundMusic      = %00000100
000005r 3               WaterMusic            = %00000010
000005r 3               GroundMusic           = %00000001
000005r 3               
000005r 3               TimeRunningOutMusic   = %01000000
000005r 3               EndOfLevelMusic       = %00100000
000005r 3               AltGameOverMusic      = %00010000
000005r 3               EndOfCastleMusic      = %00001000
000005r 3               VictoryMusic          = %00000100
000005r 3               GameOverMusic         = %00000010
000005r 3               DeathMusic            = %00000001
000005r 3               
000005r 3               ;enemy object constants
000005r 3               GreenKoopa            = $00
000005r 3               BuzzyBeetle           = $02
000005r 3               RedKoopa              = $03
000005r 3               HammerBro             = $05
000005r 3               Goomba                = $06
000005r 3               Bloober               = $07
000005r 3               BulletBill_FrenzyVar  = $08
000005r 3               GreyCheepCheep        = $0a
000005r 3               RedCheepCheep         = $0b
000005r 3               Podoboo               = $0c
000005r 3               PiranhaPlant          = $0d
000005r 3               GreenParatroopaJump   = $0e
000005r 3               RedParatroopa         = $0f
000005r 3               GreenParatroopaFly    = $10
000005r 3               Lakitu                = $11
000005r 3               Spiny                 = $12
000005r 3               FlyCheepCheepFrenzy   = $14
000005r 3               FlyingCheepCheep      = $14
000005r 3               BowserFlame           = $15
000005r 3               Fireworks             = $16
000005r 3               BBill_CCheep_Frenzy   = $17
000005r 3               Stop_Frenzy           = $18
000005r 3               Bowser                = $2d
000005r 3               PowerUpObject         = $2e
000005r 3               VineObject            = $2f
000005r 3               FlagpoleFlagObject    = $30
000005r 3               StarFlagObject        = $31
000005r 3               JumpspringObject      = $32
000005r 3               BulletBill_CannonVar  = $33
000005r 3               RetainerObject        = $35
000005r 3               TallEnemy             = $09
000005r 3               UpsideDownPiranhaP    = $04
000005r 3               
000005r 3               ;other constants
000005r 3               World1 = 0
000005r 3               World2 = 1
000005r 3               World3 = 2
000005r 3               World4 = 3
000005r 3               World5 = 4
000005r 3               World6 = 5
000005r 3               World7 = 6
000005r 3               World8 = 7
000005r 3               World9 = 8
000005r 3               WorldA = 9
000005r 3               WorldB = 10
000005r 3               WorldC = 11
000005r 3               WorldD = 12
000005r 3               Level1 = 0
000005r 3               Level2 = 1
000005r 3               Level3 = 2
000005r 3               Level4 = 3
000005r 3               
000005r 3               WarmBootOffset        = <$07d6
000005r 3               ColdBootOffset        = <$07fe
000005r 3               SoundMemory           = $07b0
000005r 3               
000005r 3               A_Button              = %10000000
000005r 3               B_Button              = %01000000
000005r 3               Select_Button         = %00100000
000005r 3               Start_Button          = %00010000
000005r 3               Up_Dir                = %00001000
000005r 3               Down_Dir              = %00000100
000005r 3               Left_Dir              = %00000010
000005r 3               Right_Dir             = %00000001
000005r 3               
000005r 3               AttractMode           = 0
000005r 3               GameMode              = 1
000005r 3               VictoryMode           = 2
000005r 3               GameOverMode          = 3
000005r 3               
000005r 3               PractiseBank          = $80
000005r 3               SoundBank             = $88
000005r 3               LevelsBank            = $8a
000005r 3               GameBank              = $8c
000005r 3               FixedBank             = $8e
000005r 3               
000005r 3               MMC3_BankSelect		  = $8000
000005r 3               MMC3_BankData		  = $8001
000005r 3               MMC3_Mirroring		  = $a000
000005r 3               MMC3_PRGRAMProtect    = $a001
000005r 3               
000005r 3               MMC3_IRQLatch		  = $c000
000005r 3               MMC3_IRQReload		  = $c001
000005r 3               MMC3_IRQDisable		  = $e000
000005r 3               MMC3_IRQEnable		  = $e001
000005r 3               
000005r 3               BG_GameBank           = $80
000005r 3               Spr_GameBank          = $84
000005r 3               BG_TitleBank          = $88
000005r 3               Spr_EndingBank        = $8c
000005r 3               
000005r 2               
000005r 2               ; import some pointers from the smb rom
000005r 2               .import GL_ENTER
000005r 2               .import GetAreaDataAddrs
000005r 2               .import LoadAreaPointer
000005r 2               .import EndWorld1Thru7
000005r 2               .import NMIHandler
000005r 2               .import IRQHandler
000005r 2               .import InitializeBG_CHR
000005r 2               .import InitializeSPR_CHR
000005r 2               
000005r 2               ; Temporary WRAM space
000005r 2               .segment "TEMPWRAM"
000000r 2  00 00 00 00  WRAMSaveHeader: .byte $00, $00, $00, $00, $00
000004r 2  00           
000005r 2  00           HeldButtons: .byte $00
000006r 2  00           ReleasedButtons: .byte $00
000007r 2  00           LastReadButtons: .byte $00
000008r 2  00           PressedButtons: .byte $00
000009r 2  00           CachedChangeAreaTimer: .byte $00
00000Ar 2  00           LevelEnding: .byte $00
00000Br 2  00           IsPlaying: .byte $00
00000Cr 2  00           EnteringFromMenu: .byte $00
00000Dr 2  00           PendingScoreDrawPosition: .byte $00
00000Er 2  00           CachedITC: .byte $00
00000Fr 2  00           PREVIOUS_BANK: .byte $00
000010r 2               
000010r 2               ; Persistent WRAM space
000010r 2               .segment "MENUWRAM"
000000r 2               MathDigits:
000000r 2               MathFrameruleDigitStart:
000000r 2  00 00 00 00    .byte $00, $00, $00, $00, $00 ; selected framerule
000004r 2  00           
000005r 2               MathFrameruleDigitEnd:
000005r 2               MathInGameFrameruleDigitStart:
000005r 2  00 00 00 00    .byte $00, $00, $00, $00, $00 ; ingame framerule
000009r 2  00           
00000Ar 2               MathInGameFrameruleDigitEnd:
00000Ar 2               CustomAddressA:
00000Ar 2  00 00          .word $0000
00000Cr 2               CustomAddressB:
00000Cr 2  00 00          .word $0000
00000Er 2               
00000Er 2               ; $7E00-$7FFF - relocated bank switching code
00000Er 2               RelocatedCodeLocation = $7E00
00000Er 2               
00000Er 2               .segment "PRACTISE_PRG0"
000005r 2               ; ================================================================
000005r 2               ;  Full reset of title screen
000005r 2               ; ----------------------------------------------------------------
000005r 2               TitleResetInner:
000005r 2  A2 00            ldx #$00                           ; disable ppu
000007r 2  8E 00 20         stx PPU_CTRL_REG1                  ;
00000Ar 2  8E 01 20         stx PPU_CTRL_REG2                  ;
00000Dr 2  20 rr rr         jsr InitializeMemory               ; clear memory
000010r 2  20 rr rr         jsr ForceClearWRAM                 ; clear all wram state
000013r 2  A9 09            lda #9                             ; set starting framerule
000015r 2  8D rr rr         sta MathFrameruleDigitStart        ;
000018r 2  A9 AD            lda #$ad                           ; set default address display
00001Ar 2  8D rr rr         sta CustomAddressA                 ; $03ad (relative X position)
00001Dr 2  A9 03            lda #$03                           ; for address A
00001Fr 2  8D rr rr         sta CustomAddressA+1               ;
000022r 2  A9 05            lda #$05                           ; $0705 (x subspeed)
000024r 2  8D rr rr         sta CustomAddressB                 ; for address B
000027r 2  A9 07            lda #$07                           ;
000029r 2  8D rr rr         sta CustomAddressB+1               ;
00002Cr 2  AD 02 20     :   lda PPU_STATUS                     ; wait for vblank
00002Fr 2  10 FB            bpl :-                             ;
000031r 2               HotReset2:                             ;
000031r 2  A2 00            ldx #$00                           ; disable ppu again (this is called when resetting to the menu)
000033r 2  8E 00 20         stx PPU_CTRL_REG1                  ;
000036r 2  8E 01 20         stx PPU_CTRL_REG2                  ;
000039r 2  A2 FF            ldx #$FF                           ; clear stack
00003Br 2  9A               txs                                ;
00003Cr 2  AD 02 20     :   lda PPU_STATUS                     ; wait for vblank
00003Fr 2  10 FB            bpl :-                             ;
000041r 2  20 rr rr         jsr InitBankSwitchingCode          ; copy bankswitching code to wram
000044r 2  20 rr rr         jsr ReadJoypads                    ; read controller to prevent a held button at startup from registering
000047r 2  20 rr rr         jsr PrepareScreen                  ; load in palette and background
00004Ar 2  20 rr rr         jsr MenuReset                      ; reset main menu
00004Dr 2  A9 00            lda #0                             ; disable playing state
00004Fr 2  8D rr rr         sta IsPlaying                      ;
000052r 2  8D 05 20         sta PPU_SCROLL_REG                 ; clear scroll registers
000055r 2  8D 05 20         sta PPU_SCROLL_REG                 ;
000058r 2  A9 88            lda #%10001000                     ; enable ppu
00005Ar 2  8D 78 07         sta Mirror_PPU_CTRL_REG1           ;
00005Dr 2  8D 00 20         sta PPU_CTRL_REG1                  ;
000060r 2  4C rr rr     :   jmp :-                             ; infinite loop until NMI
000063r 2               ; ================================================================
000063r 2               
000063r 2               ; ================================================================
000063r 2               ;  Hot reset back to the title screen
000063r 2               ; ----------------------------------------------------------------
000063r 2               HotReset:
000063r 2  A9 00            lda #0                             ; kill any playing sounds
000065r 2  8D 15 40         sta SND_MASTERCTRL_REG             ;
000068r 2  20 rr rr         jsr InitializeMemory               ; clear memory
00006Br 2  4C rr rr         jmp HotReset2                      ; then jump to the shared reset code
00006Er 2               ; ================================================================
00006Er 2               
00006Er 2               ; ================================================================
00006Er 2               ;  Handle NMI interrupts while in the title screen
00006Er 2               ; ----------------------------------------------------------------
00006Er 2               TitleNMI:
00006Er 2  AD 78 07         lda Mirror_PPU_CTRL_REG1           ; disable nmi
000071r 2  29 7F            and #%01111111                     ;
000073r 2  8D 78 07         sta Mirror_PPU_CTRL_REG1           ; and update ppu state
000076r 2  8D 00 20         sta PPU_CTRL_REG1                  ;
000079r 2  2C 02 20         bit PPU_STATUS                     ; flip ppu status
00007Cr 2  20 rr rr         jsr WriteVRAMBufferToScreen        ; write any pending vram updates
00007Fr 2  A9 00            lda #0                             ; clear scroll registers
000081r 2  8D 05 20         sta PPU_SCROLL_REG                 ;
000084r 2  8D 05 20         sta PPU_SCROLL_REG                 ;
000087r 2  A9 02            lda #$02                           ; copy sprites
000089r 2  8D 14 40         sta SPR_DMA                        ;
00008Cr 2  20 rr rr         jsr ReadJoypads                    ; read controller state
00008Fr 2  20 rr rr         jsr MenuNMI                        ; and run menu code
000092r 2  A9 1A            lda #%00011010                     ; set ppu mask state for menu
000094r 2  8D 01 20         sta PPU_CTRL_REG2                  ;
000097r 2  AD 78 07         lda Mirror_PPU_CTRL_REG1           ; get ppu mirror state
00009Ar 2  09 80            ora #%10000000                     ; and reactivate nmi
00009Cr 2  8D 78 07         sta Mirror_PPU_CTRL_REG1           ; update ppu state
00009Fr 2  8D 00 20         sta PPU_CTRL_REG1                  ;
0000A2r 2  40               rti                                ; and we are done for the frame
0000A3r 2               
0000A3r 2               ; ================================================================
0000A3r 2               ;  Sets up the all the fixed graphics for the title screen
0000A3r 2               ; ----------------------------------------------------------------
0000A3r 2               PrepareScreen:
0000A3r 2  A9 3F            lda #$3F                           ; move ppu to palette memory
0000A5r 2  8D 06 20         sta PPU_ADDRESS                    ;
0000A8r 2  A9 00            lda #$00                           ;
0000AAr 2  8D 06 20         sta PPU_ADDRESS                    ;
0000ADr 2  A2 00            ldx #0                             ;
0000AFr 2  BD rr rr     :   lda MenuPalette,x                  ; and copy the menu palette
0000B2r 2  8D 07 20         sta PPU_DATA                       ;
0000B5r 2  E8               inx                                ;
0000B6r 2  E0 20            cpx #(MenuPaletteEnd-MenuPalette)  ;
0000B8r 2  D0 F5            bne :-                             ;
0000BAr 2  A9 20            lda #$20                           ; move ppu to nametable 0
0000BCr 2  8D 06 20         sta PPU_ADDRESS                    ;
0000BFr 2  A2 00            ldx #0                             ;
0000C1r 2  8E 06 20         stx PPU_ADDRESS                    ;
0000C4r 2  BD rr rr     :   lda BGDATA+$000,x                  ; and copy every page of menu data
0000C7r 2  8D 07 20         sta PPU_DATA                       ;
0000CAr 2  E8               inx                                ;
0000CBr 2  D0 F7            bne :-                             ;
0000CDr 2  BD rr rr     :   lda BGDATA+$100,x                  ;
0000D0r 2  8D 07 20         sta PPU_DATA                       ;
0000D3r 2  E8               inx                                ;
0000D4r 2  D0 F7            bne :-                             ;
0000D6r 2  BD rr rr     :   lda BGDATA+$200,x                  ;
0000D9r 2  8D 07 20         sta PPU_DATA                       ;
0000DCr 2  E8               inx                                ;
0000DDr 2  D0 F7            bne :-                             ;
0000DFr 2  BD rr rr     :   lda BGDATA+$300,x                  ;
0000E2r 2  8D 07 20         sta PPU_DATA                       ;
0000E5r 2  E8               inx                                ;
0000E6r 2  D0 F7            bne :-                             ;
0000E8r 2  60               rts                                ;
0000E9r 2               ; ================================================================
0000E9r 2               
0000E9r 2               ; ================================================================
0000E9r 2               ;  Clear RAM and temporary WRAM
0000E9r 2               ; ----------------------------------------------------------------
0000E9r 2               InitializeMemory:
0000E9r 2  A9 00            lda #0                             ; clear A and X
0000EBr 2  A2 00            ldx #0                             ;
0000EDr 2  95 00        :   sta $0000,x                        ; clear relevant memory addresses
0000EFr 2  9D 00 02         sta $0200,x                        ;
0000F2r 2  9D 00 03         sta $0300,x                        ;
0000F5r 2  9D 00 04         sta $0400,x                        ;
0000F8r 2  9D 00 05         sta $0500,x                        ;
0000FBr 2  9D 00 06         sta $0600,x                        ;
0000FEr 2  9D 00 07         sta $0700,x                        ;
000101r 2  9D 00 60         sta $6000,x                        ;
000104r 2  E8               inx                                ; and loop for 256 bytes
000105r 2  D0 E6            bne :-                             ;
000107r 2  60               rts                                ;
000108r 2               ; ================================================================
000108r 2               
000108r 2               ; ================================================================
000108r 2               ;  Reinitialize WRAM if needed
000108r 2               ; ----------------------------------------------------------------
000108r 2               InitializeWRAM:
000108r 2  A2 05            ldx #ROMSaveHeaderLen              ; get length of the magic wram header
00010Ar 2  BD rr rr     :   lda ROMSaveHeader,x                ; check every byte of the header
00010Dr 2  DD rr rr         cmp WRAMSaveHeader,x               ; does it match?
000110r 2  D0 04            bne ForceClearWRAM                 ; no - clear wram
000112r 2  CA               dex                                ; yes - check next byte
000113r 2  10 F5            bpl :-                             ;
000115r 2  60               rts                                ;
000116r 2               ; ================================================================
000116r 2               
000116r 2               ; ================================================================
000116r 2               ;  Clear WRAM state
000116r 2               ; ----------------------------------------------------------------
000116r 2               ForceClearWRAM:
000116r 2                   @Ptr = $0
000116r 2  A9 60            lda #$60                           ; set starting address to $6000
000118r 2  85 01            sta @Ptr+1                         ;
00011Ar 2  A0 00            ldy #0                             ;
00011Cr 2  84 00            sty @Ptr+0                         ;
00011Er 2  A2 80            ldx #$80                           ; and mark ending address at $8000
000120r 2  A9 00            lda #$00                           ; clear A
000122r 2  91 00        :   sta (@Ptr),y                       ; clear one byte of WRAM
000124r 2  C8               iny                                ; and advance
000125r 2  D0 FB            bne :-                             ; for 256 bytes
000127r 2  E6 01            inc @Ptr+1                         ; then advance to the next page
000129r 2  E4 01            cpx @Ptr+1                         ; check if we are at the ending page
00012Br 2  D0 F5            bne :-                             ; no - keep clearing data
00012Dr 2  A2 05            ldx #ROMSaveHeaderLen              ; otherwise copy the magic wram header
00012Fr 2  BD rr rr     :   lda ROMSaveHeader,x                ;
000132r 2  9D rr rr         sta WRAMSaveHeader,x               ;
000135r 2  CA               dex                                ;
000136r 2  10 F7            bpl :-                             ;
000138r 2  60               rts                                ;
000139r 2               ; ================================================================
000139r 2               
000139r 2               ; include all of the relevant title files
000139r 2               .include "practise.asm"
000139r 3               ; ===========================================================================
000139r 3               ;  Start the game!
000139r 3               ; ---------------------------------------------------------------------------
000139r 3               TStartGame:
000139r 3                   @FRDigits = (MathFrameruleDigitEnd-MathFrameruleDigitStart-1)
000139r 3  20 rr rr         jsr InitBankSwitchingCode                    ; copy utility code to WRAM
00013Cr 3  A2 04            ldx #@FRDigits                               ; set up framerule digits
00013Er 3               @KeepCopying:                                    ;
00013Er 3  BD rr rr         lda MathFrameruleDigitStart, x               ; copy each framerule digit from the menu
000141r 3  9D rr rr         sta MathInGameFrameruleDigitStart, x         ;
000144r 3  CA               dex                                          ;
000145r 3  10 F7            bpl @KeepCopying                             ;
000147r 3  18               clc                                          ;
000148r 3  A9 01            lda #1                                       ; set flag indicating we are entering from the menu
00014Ar 3  8D rr rr         sta EnteringFromMenu                         ;
00014Dr 3  8D 70 07         sta OperMode                                 ; set starting opermode to "gamemode"
000150r 3  8D rr rr         sta IsPlaying                                ; mark that we are in game mode
000153r 3  4A               lsr a                                        ; clear A
000154r 3  8D 72 07         sta OperMode_Task                            ; clear opermode task value
000157r 3  85 0E            sta GameEngineSubroutine                     ; clear game engine task
000159r 3  8D 47 07         sta TimerControl                             ; mark the game as running
00015Cr 3  8D rr rr         sta PendingScoreDrawPosition                 ; clear pending status bar draw flag
00015Fr 3  8D 00 20         sta PPU_CTRL_REG1                            ; diable rendering
000162r 3  8D 78 07         sta Mirror_PPU_CTRL_REG1                     ;
000165r 3  8D 01 20         sta PPU_CTRL_REG2                            ;
000168r 3  8D 15 40         sta $4015                                    ; silence music
00016Br 3  85 FC            sta EventMusicQueue                          ; stop music queue
00016Dr 3  AE rr rr         ldx SettablesWorld                           ; copy menu world number
000170r 3  8E 5F 07         stx WorldNumber                              ;
000173r 3  AE rr rr         ldx SettablesLevel                           ; copy menu level number
000176r 3  8E 5C 07         stx LevelNumber                              ;
000179r 3  AE rr rr         ldx SettablesPUP                             ; get menu powerup state
00017Cr 3  BD rr rr         lda @StatusSizes,x                           ; get player size based on menu state
00017Fr 3  8D 54 07         sta PlayerSize                               ; and update player size
000182r 3  BD rr rr         lda @StatusPowers,x                          ; get player power state based on menu state
000185r 3  8D 56 07         sta PlayerStatus                             ; and update player status
000188r 3  AD rr rr         lda SettablesHero                            ; set current player
00018Br 3  8D 53 07         sta SelectedPlayer                           ;
00018Er 3  AD rr rr         lda SettablesW9                              ; if world 9 not enabled, branch ahead
000191r 3  F0 05            beq @EndCopy                                 ;
000193r 3  A9 FF            lda #$ff                                     ; otherwise mark all worlds as completed
000195r 3  8D FA 07         sta CompletedWorlds                          ;
000198r 3               @EndCopy:                                        ;
000198r 3  A9 02            lda #$2                                      ; give player 3 lives
00019Ar 3  8D 5A 07         sta NumberofLives                            ;
00019Dr 3  A9 04            lda #$4                                      ; set the interval timer to a hardcoded value
00019Fr 3  8D 7F 07         sta IntervalTimerControl                     ;
0001A2r 3  EE 57 07         inc FetchNewGameTimerFlag                    ; tell the game to reload the game timer
0001A5r 3  A9 08            lda #$08                                     ; set number of games beaten
0001A7r 3  8D 07 60         sta GamesBeatenCount                         ; to always enable letter worlds
0001AAr 3  4C rr rr         jmp BANK_AdvanceToLevel                      ; transition to the wram code to start the game
0001ADr 3               @StatusSizes:
0001ADr 3  01 00 00 00  .byte $1, $0, $0, $0, $1, $1
0001B1r 3  01 01        
0001B3r 3               @StatusPowers:
0001B3r 3  00 01 02 00  .byte $0, $1, $2, $0, $1, $2
0001B7r 3  01 02        
0001B9r 3               ; ===========================================================================
0001B9r 3               
0001B9r 3               ; ===========================================================================
0001B9r 3               ;  Practise routine per frame routine
0001B9r 3               ; ---------------------------------------------------------------------------
0001B9r 3               PractiseNMI:
0001B9r 3  AD rr rr         lda EnteringFromMenu                         ; are we currently entering from the menu?
0001BCr 3  F0 01            beq @ClearPractisePrintScore                 ; no - then we can run our routine
0001BEr 3  60               rts                                          ; otherwise, we're loading, so just return
0001BFr 3               @ClearPractisePrintScore:                        ;
0001BFr 3  AD 00 03         lda VRAM_Buffer1_Offset                      ; check if we have pending ppu draws
0001C2r 3  D0 03            bne @IncrementFrameruleCounter               ; yes - skip ahead
0001C4r 3  8D rr rr         sta PendingScoreDrawPosition                 ; no - clear pending vram address for framerule drawing
0001C7r 3               @IncrementFrameruleCounter:                      ;
0001C7r 3  20 rr rr         jsr IncrementFrameruleCounter                ; increment the base10 framerule counter
0001CAr 3  20 rr rr         jsr CheckForLevelEnd                         ; run level transition handler
0001CDr 3  20 rr rr         jsr CheckJumpingState                        ; run jump handler
0001D0r 3  20 rr rr         jsr CheckAreaTimer                           ; run area transition timing handler
0001D3r 3  20 rr rr         jsr CheckForWorldEnd                         ; run end of world handler
0001D6r 3               @CheckUpdateStatusbarValues:                     ;
0001D6r 3  A5 09            lda FrameCounter                             ; get current frame counter
0001D8r 3  29 03            and #3                                       ; and just make sure we're in a specific 4 frame spot
0001DAr 3  C9 02            cmp #2                                       ;
0001DCr 3  D0 03            bne @CheckInput                              ; if not, skip ahead
0001DEr 3  20 rr rr         jsr RedrawHighFreqStatusbar                  ; otherwise update status bar
0001E1r 3               @CheckInput:                                     ;
0001E1r 3  AD 4A 07         lda JoypadBitMask                            ; get current joypad state
0001E4r 3  29 30            and #(Select_Button | Start_Button)          ; mask out all but select and start
0001E6r 3  F0 24            beq @Done                                    ; neither are held - nothing more to do here
0001E8r 3  20 rr rr         jsr ReadJoypads                              ; re-read joypad state, to avoid filtering from the game
0001EBr 3               @CheckForRestartLevel:                           ;
0001EBr 3  C9 28            cmp #(Up_Dir | Select_Button)                ; check if select + up are held
0001EDr 3  D0 0E            bne @CheckForReset                           ; no - skip ahead
0001EFr 3  A9 00            lda #0                                       ; yes - we are restarting the level
0001F1r 3  8D 00 20         sta PPU_CTRL_REG1                            ; disable screen rendering
0001F4r 3  8D 01 20         sta PPU_CTRL_REG2                            ;
0001F7r 3  20 rr rr         jsr InitializeMemory                         ; clear memory
0001FAr 3  4C rr rr         jmp TStartGame                               ; and start the game
0001FDr 3               @CheckForReset:                                  ;
0001FDr 3  C9 24            cmp #(Down_Dir | Select_Button)              ; check if select + down are held
0001FFr 3  D0 0B            bne @Done                                    ; no - skip ahead
000201r 3  A9 00            lda #0                                       ; yes - we are returning to the title screen
000203r 3  8D 00 20         sta PPU_CTRL_REG1                            ; disable screen rendering
000206r 3  8D 01 20         sta PPU_CTRL_REG2                            ;
000209r 3  4C rr rr         jmp HotReset                                 ; and reset the game
00020Cr 3               @Done:                                           ;
00020Cr 3  60               rts                                          ;
00020Dr 3               ; ===========================================================================
00020Dr 3               
00020Dr 3               ; ===========================================================================
00020Dr 3               ;  Handle new area loading loading
00020Dr 3               ; ---------------------------------------------------------------------------
00020Dr 3               PractiseEnterStage:
00020Dr 3                   @FRDigitCount = MathFrameruleDigitEnd - MathFrameruleDigitStart - 1
00020Dr 3  A9 03            lda #3                                       ; set life counter to four by default
00020Fr 3  8D 5A 07         sta NumberofLives                            ; so we can't lose the game
000212r 3  AD rr rr         lda EnteringFromMenu                         ; check if we're entering from the menu
000215r 3  F0 20            beq @SaveToMenu                              ; no, the player beat a level, update the menu state
000217r 3  38               sec                                          ; yes, the player is starting a new game
000218r 3  AD 60 07     	lda AreaNumber
00021Br 3  F0 09        	beq @DashOne
00021Dr 3  A5 09            lda FrameCounter                             ; we need to offset the frame counter a little bit
00021Fr 3  E9 06            sbc #6                                       ;
000221r 3  85 09            sta FrameCounter                             ;
000223r 3  4C rr rr     	jmp @QuickResume
000226r 3               @DashOne:
000226r 3  EE 5D 07     	inc Hidden1UpFlag
000229r 3  A5 09        	lda FrameCounter                             ; we need to offset the frame counter differently for dash one levels
00022Br 3  E9 05            sbc #5                                       ;
00022Dr 3  85 09            sta FrameCounter                             ;
00022Fr 3               @QuickResume:
00022Fr 3  20 rr rr         jsr RNGQuickResume                           ; and load the rng state
000232r 3  CE rr rr         dec EnteringFromMenu                         ; then mark that we've entered from the menu, so this doesn't happen again
000235r 3  F0 46            beq @Shared                                  ; and skip ahead to avoid saving the state for no reason
000237r 3               @SaveToMenu:                                     ;
000237r 3  AD rr rr         lda LevelEnding                              ; check if we are transitioning to a new level
00023Ar 3  F0 41            beq @Shared                                  ; no - skip ahead and enter the game
00023Cr 3  A2 04            ldx #@FRDigitCount                           ; yes - copy the framerule to the menu
00023Er 3  BD rr rr     :   lda MathInGameFrameruleDigitStart,x          ;
000241r 3  9D rr rr         sta MathFrameruleDigitStart,x                ;
000244r 3  CA               dex                                          ;
000245r 3  10 F7            bpl :-                                       ;
000247r 3  AD 5F 07         lda WorldNumber                              ; copy current world and level to the menu
00024Ar 3  AE FB 07         ldx HardWorldFlag                            ; check if we're in the letter worlds
00024Dr 3  F0 03            beq @SaveWorldNum                            ; if not, branch to save world number
00024Fr 3  18               clc                                          ; otherwise add 9 to internal world number
000250r 3  69 09            adc #$09                                     ; for world selection in menu and level restart
000252r 3               @SaveWorldNum:                                   ;
000252r 3  8D rr rr         sta SettablesWorld                           ;
000255r 3  AD 5C 07         lda LevelNumber                              ;
000258r 3  8D rr rr         sta SettablesLevel                           ;
00025Br 3  AD 54 07         lda PlayerSize                               ; get player powerup state
00025Er 3  0A               asl a                                        ; shift up a couple of bits to make room for powerup state
00025Fr 3  0A               asl a                                        ;
000260r 3  0D 56 07         ora PlayerStatus                             ; combine with powerup state
000263r 3  AA               tax                                          ; copy to X
000264r 3  BD rr rr         lda @PUpStates,x                             ; and get the menu selection values from the players current state
000267r 3  8D rr rr         sta SettablesPUP                             ; and write to menu powerup state
00026Ar 3  AD 53 07         lda SelectedPlayer                           ; save currently selected player
00026Dr 3  8D rr rr         sta SettablesHero                            ;
000270r 3  A2 00            ldx #$00                                     ; clear world 9 enable flag by default
000272r 3  AD FA 07         lda CompletedWorlds                          ; check completed worlds variable
000275r 3  C9 FF            cmp #$ff                                     ; if not all worlds marked as completed,
000277r 3  D0 01            bne @StoreW9Flag                             ; world 9 will not be marked as enabled
000279r 3  E8               inx                                          ; otherwise increment X for world 9 enable
00027Ar 3               @StoreW9Flag:                                    ;
00027Ar 3  8E rr rr         stx SettablesW9                              ;
00027Dr 3               @Shared:                                         ;
00027Dr 3  A9 00            lda #0                                       ; clear out some starting state
00027Fr 3  8D rr rr         sta CachedChangeAreaTimer                    ;
000282r 3  8D rr rr         sta LevelEnding                              ;
000285r 3  4C rr rr         jmp RedrawLowFreqStatusbar                   ; and update the status line
000288r 3               @PUpStates:
000288r 3  03           .byte $3                                         ; size = 0, status = 0. big vuln. mario
000289r 3  01           .byte $1                                         ; size = 0, status = 1. big super mario
00028Ar 3  02           .byte $2                                         ; size = 0, status = 2. big fire mario
00028Br 3  02           .byte $2                                         ; size = 0, status = 3. big fire mario, padding
00028Cr 3  00           .byte $0                                         ; size = 1, status = 0. small vuln. mario
00028Dr 3  05           .byte $5                                         ; size = 1, status = 1. small super mario
00028Er 3  06           .byte $6                                         ; size = 1, status = 2. small fire mario
00028Fr 3               ; ===========================================================================
00028Fr 3               
00028Fr 3               ; ===========================================================================
00028Fr 3               ;  Handle level transitions
00028Fr 3               ; ---------------------------------------------------------------------------
00028Fr 3               CheckForLevelEnd:
00028Fr 3  AD rr rr         lda LevelEnding                              ; have we already detected the level end?
000292r 3  D0 1E            bne @Done                                    ; if so - exit
000294r 3  AD 3C 07         lda ScreenRoutineTask
000297r 3  C9 07            cmp #7
000299r 3  F0 14            beq @LevelEnding
00029Br 3  AD 46 07         lda StarFlagTaskControl                      ; check the current starflag state
00029Er 3  C9 04            cmp #4                                       ; are we in the final starflag task?
0002A0r 3  D0 10            bne @Done                                    ; no - exit
0002A2r 3  AD 7F 07         lda IntervalTimerControl                     ; cache the current interval timer
0002A5r 3  8D rr rr         sta CachedITC                                ;
0002A8r 3  18               clc                                          ;
0002A9r 3  20 rr rr         jsr ChangeTopStatusXToRemains                ; change the 'X' in the title to 'R'
0002ACr 3  20 rr rr         jsr RedrawLowFreqStatusbar                   ; and redraw the status bar
0002AFr 3               @LevelEnding:
0002AFr 3  EE rr rr         inc LevelEnding                              ; yes - mark the level end as ended
0002B2r 3               @Done:                                           ;
0002B2r 3  60               rts                                          ;
0002B3r 3               ; ===========================================================================
0002B3r 3               
0002B3r 3               ; ===========================================================================
0002B3r 3               ;  Handle area transitions (pipes, etc)
0002B3r 3               ; ---------------------------------------------------------------------------
0002B3r 3               CheckAreaTimer:
0002B3r 3  AD rr rr         lda CachedChangeAreaTimer                    ; have we already handled the area change?
0002B6r 3  D0 15            bne @Done                                    ; yes - exit
0002B8r 3  AD DE 06         lda ChangeAreaTimer                          ; no - check if we should handle it
0002BBr 3  F0 10            beq @Done                                    ; no - exit
0002BDr 3  8D rr rr         sta CachedChangeAreaTimer                    ; yes - cache the timer value
0002C0r 3  AD 7F 07         lda IntervalTimerControl                     ; get the interval timer
0002C3r 3               @Store2:                                         ;
0002C3r 3  8D rr rr         sta CachedITC                                ; and cache it as well
0002C6r 3  18               clc                                          ;
0002C7r 3  20 rr rr         jsr ChangeTopStatusXToRemains                ; change the 'X' in the title to 'R'
0002CAr 3  20 rr rr         jsr RedrawLowFreqStatusbar                   ; and redraw the status bar
0002CDr 3               @Done:                                           ;
0002CDr 3  60               rts                                          ;
0002CEr 3               ; ===========================================================================
0002CEr 3               
0002CEr 3               ; ===========================================================================
0002CEr 3               ;  Handle end of castle transitions
0002CEr 3               ; ---------------------------------------------------------------------------
0002CEr 3               CheckForWorldEnd:
0002CEr 3  AD rr rr         lda LevelEnding                              ; have we already detected the level end?
0002D1r 3  F0 09            beq @CheckWorldEndTimer                      ; if not - check for world end timer
0002D3r 3  4A               lsr                                          ; shift A right to discard d0
0002D4r 3  D0 1D            bne @Done                                    ; if d1 is set - exit
0002D6r 3  AD 80 07         lda SelectTimer                              ; otherwise check for select timer
0002D9r 3  D0 08            bne @DisplayIntervalTimer                    ; if set, display mod 21 remainder
0002DBr 3  60               rts                                          ; otherwise leave
0002DCr 3               @CheckWorldEndTimer:                             ;
0002DCr 3  AD A1 07         lda WorldEndTimer                            ; check world end timer
0002DFr 3  C9 08            cmp #8                                       ; has it been set to 8 or greater?
0002E1r 3  90 10            bcc @Done                                    ; if not, leave
0002E3r 3               @DisplayIntervalTimer:                           ;
0002E3r 3  AD 7F 07         lda IntervalTimerControl                     ; cache the current interval timer
0002E6r 3  8D rr rr         sta CachedITC                                ;
0002E9r 3  18               clc                                          ;
0002EAr 3  20 rr rr         jsr ChangeTopStatusXToRemains                ; change the 'X' in the title to 'R'
0002EDr 3  20 rr rr         jsr RedrawLowFreqStatusbar                   ; and redraw the status bar
0002F0r 3  EE rr rr         inc LevelEnding                              ; yes - mark the level end as ended
0002F3r 3               @Done:
0002F3r 3  60               rts
0002F4r 3               
0002F4r 3               ; ===========================================================================
0002F4r 3               
0002F4r 3               ; ===========================================================================
0002F4r 3               ;  Handle player jumping
0002F4r 3               ; ---------------------------------------------------------------------------
0002F4r 3               CheckJumpingState:
0002F4r 3  AD 82 07         lda JumpSwimTimer                            ; check jump timer
0002F7r 3  C9 20            cmp #$20                                     ; is it the max value (player just jumped)
0002F9r 3  D0 03            bne @Done                                    ; no - exit
0002FBr 3  20 rr rr         jsr RedrawLowFreqStatusbar                   ; yes - redraw the status bar
0002FEr 3               @Done:                                           ;
0002FEr 3  60               rts                                          ; done!
0002FFr 3               ; ===========================================================================
0002FFr 3               
0002FFr 3               ; ===========================================================================
0002FFr 3               ;  Advance to the next base 10 framerule digit
0002FFr 3               ; ---------------------------------------------------------------------------
0002FFr 3               IncrementFrameruleCounter:
0002FFr 3                   @DigitOffset = (MathInGameFrameruleDigitStart-MathDigits)
0002FFr 3  AD 47 07         lda TimerControl                             ; check if the game is running
000302r 3  D0 0F            bne @Done                                    ; no - exit
000304r 3  AC 7F 07         ldy IntervalTimerControl                     ; get the interval timer
000307r 3  C0 01            cpy #1                                       ; are we at the end of the interval?
000309r 3  D0 08            bne @Done                                    ; no - exit
00030Br 3  18               clc                                          ;
00030Cr 3  A9 01            lda #1                                       ; we want to add 1 to the digits
00030Er 3  A2 05            ldx #@DigitOffset                            ; get the offset to the digit we are incrementing
000310r 3  4C rr rr         jmp B10Add                                   ; and run base 10 addition
000313r 3               @Done:                                           ;
000313r 3  60               rts                                          ;
000314r 3               ; ===========================================================================
000314r 3               
000314r 3               ; ===========================================================================
000314r 3               ;  Handle when the game wants to redraw the MARIO / TIME text at the top
000314r 3               ; ---------------------------------------------------------------------------
000314r 3               PractiseWriteTopStatusLine:
000314r 3  18               clc                                          ;
000315r 3  AC 00 03         ldy VRAM_Buffer1_Offset                      ; get current vram offset
000318r 3  A9 31            lda #(@TopStatusTextEnd-@TopStatusText+1)    ; get text length
00031Ar 3  6D 00 03         adc VRAM_Buffer1_Offset                      ; add to vram offset
00031Dr 3  8D 00 03         sta VRAM_Buffer1_Offset                      ; and store new offset
000320r 3  A2 00            ldx #0                                       ;
000322r 3               @CopyData:                                       ;
000322r 3  BD rr rr         lda @TopStatusText,x                         ; copy bytes of the status bar text to vram
000325r 3  99 01 03         sta VRAM_Buffer1,y                           ;
000328r 3  C8               iny                                          ; advance vram offset
000329r 3  E8               inx                                          ; advance text offset
00032Ar 3  E0 30            cpx #(@TopStatusTextEnd-@TopStatusText)      ; check if we're at the end
00032Cr 3  D0 F4            bne @CopyData                                ; if not, loop
00032Er 3  A9 00            lda #0                                       ; then set null terminator at the end
000330r 3  99 01 03         sta VRAM_Buffer1,y                           ;
000333r 3  EE 3C 07         inc ScreenRoutineTask                        ; and advance the screen routine task
000336r 3  60               rts                                          ; done
000337r 3               @TopStatusText:                                  ;
000337r 3  20 42 14 1B    .byte $20, $42,  20, "RULE x F    SOCK Ax "    ;
00033Br 3  1E 15 0E 24  
00033Fr 3  29 24 0F 24  
00034Er 3  20 59 04 1D    .byte $20, $59,   4, "TIME"                    ;
000352r 3  12 16 0E     
000355r 3  20 73 02 0B    .byte $20, $73,   2, "Bx"
000359r 3  29           
00035Ar 3  20 69 02 2E    .byte $20, $69,   2, $2e, $29                  ; coin that shows next to the coin counter
00035Er 3  29           
00035Fr 3  23 C0 7F AA    .byte $23, $c0, $7f, $aa                       ; tile attributes for the top row, sets palette
000363r 3  23 C2 01 B0    .byte $23, $c2, $01, %10110000                 ; set palette for the flashing coin
000367r 3               @TopStatusTextEnd:
000367r 3  00              .byte $00
000368r 3               ; ===========================================================================
000368r 3               
000368r 3               ; ===========================================================================
000368r 3               ;  Handle the game requesting redrawing the bottom status bar
000368r 3               ; ---------------------------------------------------------------------------
000368r 3               PractiseWriteBottomStatusLine:
000368r 3  AD 7F 07         lda IntervalTimerControl                     ; no, get the current interval timer
00036Br 3  8D rr rr         sta CachedITC                                ; and store it in the cached value
00036Er 3  20 rr rr         jsr RedrawLowFreqStatusbar                   ; redraw the status bar
000371r 3  EE 3C 07         inc ScreenRoutineTask                        ; and advance to the next smb screen routine
000374r 3  60               rts                                          ;
000375r 3               ; ===========================================================================
000375r 3               
000375r 3               ; ===========================================================================
000375r 3               ;  Place an "R" instead of "x" in the title screen during level transitions
000375r 3               ; ---------------------------------------------------------------------------
000375r 3               ChangeTopStatusXToRemains:
000375r 3  18               clc                                          ;
000376r 3  AD 00 03         lda VRAM_Buffer1_Offset                      ; get current vram offset
000379r 3  A8               tay                                          ;
00037Ar 3  69 04            adc #4                                       ; and advance it by 4
00037Cr 3  8D 00 03         sta VRAM_Buffer1_Offset                      ; store the new offset
00037Fr 3  A9 20            lda #$20                                     ; write the ppu address to update
000381r 3  99 01 03         sta VRAM_Buffer1+0, y                        ;
000384r 3  A9 47            lda #$47                                     ;
000386r 3  99 02 03         sta VRAM_Buffer1+1, y                        ;
000389r 3  A9 01            lda #1                                       ; we are writing a single byte
00038Br 3  99 03 03         sta VRAM_Buffer1+2, y                        ;
00038Er 3  A9 1B            lda #'R'                                     ; and that byte is an R
000390r 3  99 04 03         sta VRAM_Buffer1+3, y                        ;
000393r 3  A9 00            lda #0                                       ; set the null terminator
000395r 3  99 05 03         sta VRAM_Buffer1+4, y                        ;
000398r 3  60               rts                                          ; and finish
000399r 3               ; ===========================================================================
000399r 3               
000399r 3               ; ===========================================================================
000399r 3               ;  Redraw the status bar portion that updates less often
000399r 3               ; ---------------------------------------------------------------------------
000399r 3               RedrawLowFreqStatusbar:
000399r 3  18               clc                                          ;
00039Ar 3  AC rr rr         ldy PendingScoreDrawPosition                 ; check if we have a pending draw that hasn't been sent to the ppu
00039Dr 3  D0 19            bne @RefreshBufferX                          ; yes - skip ahead and refresh the buffer to avoid overloading the ppu
00039Fr 3  AC 00 03         ldy VRAM_Buffer1_Offset                      ; no - get the current buffer offset
0003A2r 3  C8               iny                                          ; increment past the ppu location
0003A3r 3  C8               iny                                          ;
0003A4r 3  C8               iny                                          ;
0003A5r 3  8C rr rr         sty PendingScoreDrawPosition                 ; and store it as our pending position
0003A8r 3  20 rr rr         jsr @PrintRule                               ; draw the current framerule value
0003ABr 3  AD 46 07     	lda StarFlagTaskControl						 ; is the timer counting down at the end of a normal level?
0003AEr 3  C9 02        	cmp #$02									 ; if yes, do not draw frame counter numbers, the vram buffer will cry.
0003B0r 3  F0 03        	beq @NoFC									 ;
0003B2r 3  20 rr rr         jsr @PrintFramecounter                       ; draw the current framecounter value
0003B5r 3               @NoFC:
0003B5r 3  A6 08            ldx ObjectOffset                             ; load object offset, our caller might expect it to be unchanged
0003B7r 3  60               rts                                          ; and exit
0003B8r 3               @RefreshBufferX:                                 ;
0003B8r 3  20 rr rr         jsr @PrintRuleDataAtY                        ; refresh pending framerule value
0003BBr 3  98               tya                                          ; get the buffer offset we're drawing to
0003BCr 3  69 09            adc #9                                       ; and shift over to the framecounter position
0003BEr 3  A8               tay                                          ;
0003BFr 3  20 rr rr         jsr @PrintFramecounterDataAtY                ; and then refresh the pending frame ounter value
0003C2r 3  A6 08            ldx ObjectOffset                             ; load object offset, our caller might expect it to be unchanged
0003C4r 3  60               rts                                          ; and exit
0003C5r 3               ; ---------------------------------------------------------------------------
0003C5r 3               ;  Copy current framerule number to VRAM
0003C5r 3               ; ---------------------------------------------------------------------------
0003C5r 3               @PrintRule:
0003C5r 3  AD 00 03         lda VRAM_Buffer1_Offset                      ; get the current buffer offset
0003C8r 3  A8               tay                                          ;
0003C9r 3  69 09            adc #(3+6)                                   ; shift over based on length of the framerule text
0003CBr 3  8D 00 03         sta VRAM_Buffer1_Offset                      ; store the ppu location of the framerule counter
0003CEr 3  A9 20            lda #$20                                     ;
0003D0r 3  99 01 03         sta VRAM_Buffer1,y                           ;
0003D3r 3  A9 62            lda #$62                                     ;
0003D5r 3  99 02 03         sta VRAM_Buffer1+1,y                         ;
0003D8r 3  A9 06            lda #$06                                     ; store the number of digits to draw
0003DAr 3  99 03 03         sta VRAM_Buffer1+2,y                         ;
0003DDr 3  C8               iny                                          ; increment past the ppu location
0003DEr 3  C8               iny                                          ;
0003DFr 3  C8               iny                                          ;
0003E0r 3  A9 00            lda #0                                       ; place our null terminator
0003E2r 3  99 07 03         sta VRAM_Buffer1+6,y                         ;
0003E5r 3  A9 24            lda #$24                                     ; and write a space past the framerule (masks out smb1 '0' after the score)
0003E7r 3  99 05 03         sta VRAM_Buffer1+4,y                         ;
0003EAr 3               @PrintRuleDataAtY:
0003EAr 3  AD rr rr         lda CachedITC                                ; get the interval timer for when we entered the room
0003EDr 3  99 06 03         sta VRAM_Buffer1+5,y                         ; and store it in the buffer
0003F0r 3  AD rr rr         lda MathInGameFrameruleDigitStart+3          ; then copy the framerule numbers into the buffer
0003F3r 3  99 01 03         sta VRAM_Buffer1+0,y                         ;
0003F6r 3  AD rr rr         lda MathInGameFrameruleDigitStart+2          ;
0003F9r 3  99 02 03         sta VRAM_Buffer1+1,y                         ;
0003FCr 3  AD rr rr         lda MathInGameFrameruleDigitStart+1          ;
0003FFr 3  99 03 03         sta VRAM_Buffer1+2,y                         ;
000402r 3  AD rr rr         lda MathInGameFrameruleDigitStart+0          ;
000405r 3  99 04 03         sta VRAM_Buffer1+3,y                         ;
000408r 3  60               rts                                          ;
000409r 3               ; ---------------------------------------------------------------------------
000409r 3               ;  Copy current frame number to VRAM
000409r 3               ; ---------------------------------------------------------------------------
000409r 3               @PrintFramecounter:
000409r 3  AD 00 03         lda VRAM_Buffer1_Offset                      ; get current vram offset
00040Cr 3  A8               tay                                          ;
00040Dr 3  69 06            adc #(3+3)                                   ; add 3 for vram offset, 3 for values to draw
00040Fr 3  8D 00 03         sta VRAM_Buffer1_Offset                      ; save new vram offset
000412r 3  A9 20            lda #$20                                     ; store the ppu location of the frame number
000414r 3  99 01 03         sta VRAM_Buffer1,y                           ;
000417r 3  A9 4A            lda #$4a                                     ;
000419r 3  99 02 03         sta VRAM_Buffer1+1,y                         ;
00041Cr 3  A9 03            lda #$03                                     ; store the number of digits to draw
00041Er 3  99 03 03         sta VRAM_Buffer1+2,y                         ;
000421r 3  C8               iny                                          ; advance y to the end of the buffer to write
000422r 3  C8               iny                                          ;
000423r 3  C8               iny                                          ;
000424r 3  A9 00            lda #0                                       ; place our null terminator
000426r 3  99 04 03         sta VRAM_Buffer1+3,y                         ;
000429r 3               @PrintFramecounterDataAtY:                       ;
000429r 3  A5 09            lda FrameCounter                             ; get the current frame number
00042Br 3  20 rr rr         jsr B10DivBy10                               ; divide by 10
00042Er 3  99 03 03         sta VRAM_Buffer1+2,y                         ; store remainder in vram buffer
000431r 3  8A               txa                                          ; get the result of the divide
000432r 3  20 rr rr         jsr B10DivBy10                               ; divide by 10
000435r 3  99 02 03         sta VRAM_Buffer1+1,y                         ; store remainder in vram buffer
000438r 3  8A               txa                                          ; get the result of the divide
000439r 3  99 01 03         sta VRAM_Buffer1+0,y                         ; and store it in vram
00043Cr 3  60               rts                                          ;
00043Dr 3               ; ===========================================================================
00043Dr 3               
00043Dr 3               ; ===========================================================================
00043Dr 3               ;  Update and draw status bar values
00043Dr 3               ; ---------------------------------------------------------------------------
00043Dr 3               RedrawHighFreqStatusbar:
00043Dr 3                   @SockSubX = $2                               ; memory locations that sockfolder is stored in
00043Dr 3                   @SockX    = $3                               ;
00043Dr 3  AD 00 03         lda VRAM_Buffer1_Offset                      ; check if there are pending ppu updates
000440r 3  F0 01            beq :+                                       ; no - skip ahead to update status bar
000442r 3  60               rts                                          ; yes - don't overload the ppu
000443r 3  20 rr rr     :   jsr RecalculateSockfolder                    ; calculate new sockfolder value
000446r 3               
000446r 3  A2 00            ldx #0                                       ; clear X
000448r 3  A9 20            lda #$20                                     ; write ppu location of status bar to vram buffer
00044Ar 3  9D 01 03         sta VRAM_Buffer1+0,x                         ;
00044Dr 3  A9 6E            lda #$6E                                     ;
00044Fr 3  9D 02 03         sta VRAM_Buffer1+1,x                         ;
000452r 3  A9 04            lda #4                                       ; write number of bytes to draw
000454r 3  9D 03 03         sta VRAM_Buffer1+2,x                         ;
000457r 3  A9 00            lda #0
000459r 3  9D 07 03         sta VRAM_Buffer1+3+3,x                       ; and write that byte to the vram buffer
00045Cr 3  9D 08 03         sta VRAM_Buffer1+3+4,x                       ; and write that byte to the vram buffer
00045Fr 3               
00045Fr 3  A5 03            lda @SockX                                   ; get sockfolder x position
000461r 3  29 0F            and #$0F                                     ; mask off the high nibble
000463r 3  9D 05 03         sta VRAM_Buffer1+3+1,x                       ; and write that byte to the vram buffer
000466r 3  A5 03        	lda @SockX
000468r 3  4A           	lsr
000469r 3  4A           	lsr
00046Ar 3  4A           	lsr
00046Br 3  4A           	lsr
00046Cr 3  9D 04 03     	sta VRAM_Buffer1+3+0,x
00046Fr 3  A5 02            lda @SockSubX                                ; get sockfolder subpixel x position
000471r 3  4A               lsr                                          ; and shift down to the low nibble
000472r 3  4A               lsr                                          ;
000473r 3  4A               lsr                                          ;
000474r 3  4A               lsr                                          ;
000475r 3  9D 06 03         sta VRAM_Buffer1+3+2,x                       ; and write that byte to the vram buffer
000478r 3               
000478r 3  AD 74 07         lda DisableScreenFlag                        ; hack!
00047Br 3  D0 7A            bne @skip
00047Dr 3  A5 00            lda $00
00047Fr 3  48               pha
000480r 3  A5 01            lda $01
000482r 3  48               pha
000483r 3  A0 07            ldy #(4+3)                                   ; update vram buffer offset to new location
000485r 3  A9 20            lda #$20                                     ; write ppu location of status bar to vram buffer
000487r 3  99 01 03         sta VRAM_Buffer1+0,y                         ;
00048Ar 3  A9 55            lda #$55                                     ;
00048Cr 3  99 02 03         sta VRAM_Buffer1+1,y                         ;
00048Fr 3  A9 03            lda #3                                       ; write number of bytes to draw
000491r 3  99 03 03         sta VRAM_Buffer1+2,y                         ;
000494r 3               
000494r 3  AD rr rr         lda CustomAddressA
000497r 3  85 00            sta $00
000499r 3  AD rr rr         lda CustomAddressA+1
00049Cr 3  85 01            sta $01
00049Er 3  A0 00            ldy #$00
0004A0r 3  B1 00            lda ($00),y
0004A2r 3  A0 07            ldy #(4+3)                                   ; update vram buffer offset to new location
0004A4r 3  20 rr rr         jsr B10DivBy10
0004A7r 3  99 06 03     	sta VRAM_Buffer1+3+2,y
0004AAr 3  8A               txa
0004ABr 3  20 rr rr         jsr B10DivBy10
0004AEr 3  99 05 03         sta VRAM_Buffer1+3+1,y                      ; and write that byte to the vram buffer
0004B1r 3  8A               txa
0004B2r 3  99 04 03         sta VRAM_Buffer1+3+0,y                       ; and write that byte to the vram buffer
0004B5r 3               
0004B5r 3  A0 0D            ldy #(4+3+3+3)                               ; update vram buffer offset to new location
0004B7r 3  A9 20            lda #$20                                     ; write ppu location of status bar to vram buffer
0004B9r 3  99 01 03         sta VRAM_Buffer1+0,y                         ;
0004BCr 3  A9 75            lda #$75                                     ;
0004BEr 3  99 02 03         sta VRAM_Buffer1+1,y                         ;
0004C1r 3  A9 03            lda #3                                       ; write number of bytes to draw
0004C3r 3  99 03 03         sta VRAM_Buffer1+2,y                         ;
0004C6r 3  A9 13            lda #(4+3+(3+3)*2)
0004C8r 3  8D 00 03         sta VRAM_Buffer1_Offset
0004CBr 3  A9 00            lda #0                                       ; write null terminator
0004CDr 3  8D 14 03         sta VRAM_Buffer1+(4+3+(3+3)*2)               ;
0004D0r 3               
0004D0r 3  AD rr rr     	lda CustomAddressB
0004D3r 3  85 00            sta $00
0004D5r 3  AD rr rr         lda CustomAddressB+1
0004D8r 3  85 01            sta $01
0004DAr 3  A0 00            ldy #$00
0004DCr 3  B1 00            lda ($00),y
0004DEr 3  A0 0D            ldy #(4+3+3+3)                               ; update vram buffer offset to new location
0004E0r 3  20 rr rr         jsr B10DivBy10
0004E3r 3  99 06 03     	sta VRAM_Buffer1+3+2,y
0004E6r 3  8A               txa
0004E7r 3  20 rr rr         jsr B10DivBy10
0004EAr 3  99 05 03         sta VRAM_Buffer1+3+1,y                      ; and write that byte to the vram buffer
0004EDr 3  8A               txa
0004EEr 3  99 04 03         sta VRAM_Buffer1+3+0,y                       ; and write that byte to the vram buffer
0004F1r 3  68               pla
0004F2r 3  85 01            sta $01
0004F4r 3  68               pla
0004F5r 3  85 00            sta $00
0004F7r 3               @skip:                                           ;
0004F7r 3  60               rts                                          ;
0004F8r 3               
0004F8r 3               ; ===========================================================================
0004F8r 3               
0004F8r 3               
0004F8r 3               ; ===========================================================================
0004F8r 3               ;  Calculate the current sockfolder value
0004F8r 3               ; ---------------------------------------------------------------------------
0004F8r 3               ; Sockfolder is effectively calculated by the following formula:
0004F8r 3               ;  Player_X_Position + ((0xFF - Player_Y_Position) / MaximumYSpeed) * MaximumXSpeed
0004F8r 3               ;
0004F8r 3               ; So that will give you the position that mario would be when he reaches the
0004F8r 3               ; bottom of the screen assuming the player is falling at full speed.
0004F8r 3               ;
0004F8r 3               ; Here's a little javascript snippet that creates a 16 bit lookup table of sockfolder values:
0004F8r 3               ;
0004F8r 3               ;; // NTSC:
0004F8r 3               ;; let max_x_speed = 0x0280; // maximum x speed in subpixels
0004F8r 3               ;; let max_y_speed = 0x04;   // maximum y speed in pixels
0004F8r 3               ;; // PAL:
0004F8r 3               ;; //let max_x_speed = 0x0300; // maximum x speed in subpixels
0004F8r 3               ;; //let max_y_speed = 0x05;   // maximum y speed in pixels
0004F8r 3               ;;
0004F8r 3               ;; let values = [];
0004F8r 3               ;; for (let i=0xFF; i>=0x00; --i) {
0004F8r 3               ;;     let value = Math.floor(i/max_y_speed)*max_x_speed;
0004F8r 3               ;;     let format = Math.round(value).toString(16).padStart(4,'0');
0004F8r 3               ;;     values.push('$' + format);
0004F8r 3               ;; };
0004F8r 3               ;;
0004F8r 3               ;; let items_per_row = 0x8;
0004F8r 3               ;; for (let i=0; i<(values.length/items_per_row); ++i) {
0004F8r 3               ;;     let start = i * items_per_row;
0004F8r 3               ;;     let end = (i * items_per_row) + items_per_row;
0004F8r 3               ;;     let line = values.slice(start, end).join(',')
0004F8r 3               ;;     console.log('.byte ' + line + ' ; range ' +  start.toString(16) + ' to ' + (end-1).toString(16));
0004F8r 3               ;; }
0004F8r 3               ;
0004F8r 3               ; ---------------------------------------------------------------------------
0004F8r 3               RecalculateSockfolder:
0004F8r 3                   @DataTemp = $4                               ; temp value used for some maths
0004F8r 3                   @DataSubX = $2                               ; sockfolder subpixel x value
0004F8r 3                   @DataX    = $3                               ; sockfolder pixel x value
0004F8r 3  AD 00 04         lda SprObject_X_MoveForce                    ; get subpixel x position
0004FBr 3  85 02            sta @DataSubX                                ; and store it in our temp data
0004FDr 3  A5 86            lda Player_X_Position                        ; get x position
0004FFr 3  85 03            sta @DataX                                   ; and store it in our temp data
000501r 3  A5 CE            lda Player_Y_Position                        ; get y position
000503r 3  49 FF            eor #$FF                                     ; invert the bits, now $FF is the top of the screen
000505r 3  4A               lsr a                                        ; divide pixel position by 8
000506r 3  4A               lsr a                                        ;
000507r 3  4A               lsr a                                        ;
000508r 3  90 0F            bcc @sock1                                   ; if we're on the top half of tile 'tile', we will land 2.5 pixels later.
00050Ar 3  48               pha                                          ; so store the current value
00050Br 3  18               clc                                          ;
00050Cr 3  A5 02            lda @DataSubX                                ; get subpixel x position
00050Er 3  69 80            adc #$80                                     ; and increase it by half
000510r 3  85 02            sta @DataSubX                                ; and store it back
000512r 3  A5 03            lda @DataX                                   ; get x position
000514r 3  69 02            adc #$02                                     ; and add 2 + carry value
000516r 3  85 03            sta @DataX                                   ; and store it back
000518r 3  68               pla                                          ; then restore our original value
000519r 3               @sock1:                                          ;
000519r 3  85 04            sta @DataTemp                                ; store this in our temp value
00051Br 3  0A               asl a                                        ; multiply by 4
00051Cr 3  0A               asl a                                        ;
00051Dr 3  65 04            adc @DataTemp                                ; and add the temp value
00051Fr 3  65 03            adc @DataX                                   ; then add our x position
000521r 3  85 03            sta @DataX                                   ; and store it back
000523r 3  60               rts                                          ;
000524r 3               ; ===========================================================================
000524r 3               
000524r 2               .include "menu.asm"
000524r 3               SettablesCount   = $6
000524r 3               MenuTextPtr      = $C3
000524r 3               MenuTextLen      = $C2
000524r 3               
000524r 3               .pushseg
000524r 3               .segment "MENUWRAM"
00000Er 3  00           MenuSelectedItem: .byte $00
00000Fr 3  00           MenuSelectedSubitem: .byte $00
000010r 3               Settables:
000010r 3  00           SettablesWorld: .byte $00
000011r 3  00           SettablesLevel: .byte $00
000012r 3  00           SettablesPUP:   .byte $00
000013r 3  00           SettablesHero:  .byte $00
000014r 3  00           SettablesW9:    .byte $00
000015r 3  00           SettablesRule:  .byte $00
000016r 3               .popseg
000524r 3               
000524r 3               ; names for each selection type
000524r 3               MenuTitles:
000524r 3  20 18 1B 15  .byte "WORLD   "
000528r 3  0D 24 24 24  
00052Cr 3  15 0E 1F 0E  .byte "LEVEL   "
000530r 3  15 24 24 24  
000534r 3  19 28 1E 19  .byte "P-UP    "
000538r 3  24 24 24 24  
00053Cr 3  11 0E 1B 18  .byte "HERO    "
000540r 3  24 24 24 24  
000544r 3  20 0A 1B 19  .byte "WARPS   "
000548r 3  1C 24 24 24  
00054Cr 3  1B 1E 15 0E  .byte "RULE    "
000550r 3  24 24 24 24  
000554r 3               
000554r 3               ; ppu position to draw each title
000554r 3               .define MenuTitleLocations \
000554r 3                   $20CA + ($40 * 0), \
000554r 3                   $20CA + ($40 * 1), \
000554r 3                   $20CA + ($40 * 2), \
000554r 3                   $20CA + ($40 * 3), \
000554r 3                   $20CA + ($40 * 4), \
000554r 3                   $20CA + ($40 * 5)
000554r 3               
000554r 3               ; ppu position to draw each value
000554r 3               .define MenuValueLocations \
000554r 3                   $20D3 + ($40 * 0) - 0, \
000554r 3                   $20D3 + ($40 * 1) - 0, \
000554r 3                   $20D3 + ($40 * 2) - 3, \
000554r 3                   $20D3 + ($40 * 3) - 3, \
000554r 3                   $20D3 + ($40 * 4) - 2, \
000554r 3                   $20D3 + ($40 * 5) - 3
000554r 3               
000554r 3               ; which routines to use to change each menu items value
000554r 3               UpdateSelectedValueJE:
000554r 3  98               tya
000555r 3  20 rr rr         jsr JumpEngine
000558r 3  rr rr            .word UpdateValueWorldNumber ; world
00055Ar 3  rr rr            .word UpdateValueLevelNumber ; level
00055Cr 3  rr rr            .word UpdateValuePUps        ; p-up
00055Er 3  rr rr            .word UpdateValueToggle      ; hero
000560r 3  rr rr            .word UpdateValueToggle      ; world 9
000562r 3  rr rr            .word UpdateValueFramerule   ; framerule
000564r 3               
000564r 3               ; which routines to use to draw each menu items value
000564r 3               DrawMenuValueJE:
000564r 3  98               tya
000565r 3  20 rr rr         jsr JumpEngine
000568r 3  rr rr            .word DrawValueWorld         ; world
00056Ar 3  rr rr            .word DrawValueNumber        ; level
00056Cr 3  rr rr            .word DrawValueString_PUp    ; p-up
00056Er 3  rr rr            .word DrawValueString_Hero   ; hero
000570r 3  rr rr            .word DrawValueString_W9     ; world 9
000572r 3  rr rr            .word DrawValueFramerule     ; framerule
000574r 3               
000574r 3               ; ===========================================================================
000574r 3               ;  Redraw menu
000574r 3               ; ---------------------------------------------------------------------------
000574r 3               DrawMenu:
000574r 3               MenuReset:
000574r 3                   @Temp = $10
000574r 3  A0 05            ldy #(SettablesCount-1)                  ; get number of menu items
000576r 3  84 10        :   sty @Temp                                ; store the current menu item
000578r 3  20 rr rr         jsr @DrawMenuTitle                       ; draw the title of the menu item
00057Br 3  A4 10            ldy @Temp                                ; restore the menu item
00057Dr 3  20 rr rr         jsr DrawMenuValueJE                      ; draw the value of the menu item
000580r 3  A4 10            ldy @Temp                                ; restore the menu item
000582r 3  88               dey                                      ; and decrement it
000583r 3  10 F1            bpl :-                                   ; if not done, keep drawing
000585r 3  60               rts                                      ; otherwise, exit
000586r 3               @DrawMenuTitle:
000586r 3  18               clc                                      ;
000587r 3  AD 00 03         lda VRAM_Buffer1_Offset                  ; get current vram offset position
00058Ar 3  AA               tax                                      ;
00058Br 3  69 08            adc #3+5                                 ; advance it based on how many bytes we will write
00058Dr 3  8D 00 03         sta VRAM_Buffer1_Offset                  ; and save it back
000590r 3  B9 rr rr         lda MenuTitleLocationsHi,y               ; set ppu location of the current item's title
000593r 3  9D 01 03         sta VRAM_Buffer1+0,x                     ;
000596r 3  B9 rr rr         lda MenuTitleLocationsLo,y               ;
000599r 3  9D 02 03         sta VRAM_Buffer1+1,x                     ;
00059Cr 3  A9 05            lda #5                                   ; store length of the title
00059Er 3  9D 03 03         sta VRAM_Buffer1+2,x                     ;
0005A1r 3  98               tya                                      ; copy the menu item index to A
0005A2r 3  2A               rol a                                    ; and multiply it by 8, the offsets of the title strings
0005A3r 3  2A               rol a                                    ;
0005A4r 3  2A               rol a                                    ;
0005A5r 3  A8               tay                                      ; and copy that back to Y
0005A6r 3  B9 rr rr         lda MenuTitles+0,y                       ; then write the title screen to the buffer
0005A9r 3  9D 04 03         sta VRAM_Buffer1+3,x                     ;
0005ACr 3  B9 rr rr         lda MenuTitles+1,y                       ;
0005AFr 3  9D 05 03         sta VRAM_Buffer1+4,x                     ;
0005B2r 3  B9 rr rr         lda MenuTitles+2,y                       ;
0005B5r 3  9D 06 03         sta VRAM_Buffer1+5,x                     ;
0005B8r 3  B9 rr rr         lda MenuTitles+3,y                       ;
0005BBr 3  9D 07 03         sta VRAM_Buffer1+6,x                     ;
0005BEr 3  B9 rr rr         lda MenuTitles+4,y                       ;
0005C1r 3  9D 08 03         sta VRAM_Buffer1+7,x                     ;
0005C4r 3  A9 00            lda #0                                   ; and end the buffer with null
0005C6r 3  9D 09 03         sta VRAM_Buffer1+8,x                     ;
0005C9r 3  60               rts                                      ;
0005CAr 3               ; ===========================================================================
0005CAr 3               
0005CAr 3               ; ===========================================================================
0005CAr 3               ;  Menu main loop
0005CAr 3               ; ---------------------------------------------------------------------------
0005CAr 3               MenuNMI:
0005CAr 3  20 rr rr         jsr DrawSelectionMarkers                 ; reposition the selection markers
0005CDr 3  18               clc                                      ;
0005CEr 3  AD rr rr         lda PressedButtons                       ; check current inputs
0005D1r 3  D0 01            bne @READINPUT                           ; if any buttons are held, check them
0005D3r 3  60               rts                                      ; otherwise there's nothing to do
0005D4r 3               @READINPUT:                                  ;
0005D4r 3  29 0F            and #Right_Dir|Left_Dir|Down_Dir|Up_Dir  ; are we holding a direction?
0005D6r 3  F0 09            beq @SELECT                              ; if not, check for select
0005D8r 3  AC rr rr         ldy MenuSelectedItem                     ; we are, get the current selected item
0005DBr 3  20 rr rr         jsr UpdateSelectedValueJE                ; update the value
0005DEr 3  4C rr rr         jmp @RenderMenu                          ; redraw the menu and exit
0005E1r 3               @SELECT:                                     ;
0005E1r 3  AD rr rr         lda PressedButtons                       ; check current inputs
0005E4r 3  C9 20            cmp #Select_Button                       ; are we holding select?
0005E6r 3  D0 13            bne @START                               ; if not, check for start
0005E8r 3  A2 00            ldx #0                                   ; we are changing selected menu item
0005EAr 3  8E rr rr         stx MenuSelectedSubitem                  ; clear selected subitem
0005EDr 3  EE rr rr         inc MenuSelectedItem                     ; and advance to the next item
0005F0r 3  AD rr rr         lda MenuSelectedItem                     ; then check if we've reached the final item
0005F3r 3  C9 06            cmp #SettablesCount                      ;
0005F5r 3  D0 03            bne :+                                   ; no - skip ahead
0005F7r 3  8E rr rr         stx MenuSelectedItem                     ; yes - clear the selected item
0005FAr 3  60           :   rts                                      ; and exit
0005FBr 3               @START:                                      ;
0005FBr 3  C9 10            cmp #Start_Button                        ; are we holding start?
0005FDr 3  D0 17            bne @DONE                                ; no - nothing to do, exit
0005FFr 3  A9 00            lda #0                                   ; yes - check held buttons
000601r 3  AE rr rr         ldx HeldButtons                          ;
000604r 3  E0 80            cpx #A_Button                            ; check if we're holding A
000606r 3  90 02            bcc :+                                   ; nope - skip ahead
000608r 3  A9 01            lda #1                                   ; yes - set flag for 122 frame offset
00060Ar 3  8D 0B 60     :   sta IncrementRNG_122                     ; save 122 frame offset flag
00060Dr 3  4C rr rr         jmp TStartGame                           ; and start the game
000610r 3               @RenderMenu:                                 ;
000610r 3  AC rr rr         ldy MenuSelectedItem                     ; get the current selected item
000613r 3  20 rr rr         jsr DrawMenu                             ; and redraw it
000616r 3               @DONE:                                       ;
000616r 3  60               rts                                      ; done
000617r 3               ; ===========================================================================
000617r 3               
000617r 3               
000617r 3               ; ===========================================================================
000617r 3               ;  Position the "cursors" of the menu at the correct location
000617r 3               ; ---------------------------------------------------------------------------
000617r 3               DrawSelectionMarkers:
000617r 3  A9 00            lda #$00                                 ; set palette attributes for sprites
000619r 3  8D 06 02         sta Sprite_Attributes + (1 * SpriteLen)  ;
00061Cr 3  A9 21            lda #$21                                 ;
00061Er 3  8D 0A 02         sta Sprite_Attributes + (2 * SpriteLen)  ;
000621r 3  A9 5B            lda #$5B                                 ; mushroom elevator for sprite 1
000623r 3  8D 05 02         sta Sprite_Tilenumber + (1 * SpriteLen)  ;
000626r 3  A9 27            lda #$27                                 ; set solid background for sprite 2
000628r 3  8D 09 02         sta Sprite_Tilenumber + (2 * SpriteLen)  ;
00062Br 3  A9 1E            lda #$1E                                 ; get initial Y position
00062Dr 3  AC rr rr         ldy MenuSelectedItem                     ; get current menu item
000630r 3  18           :   clc                                      ;
000631r 3  69 10            adc #$10                                 ; add 16px per menu item
000633r 3  88               dey                                      ; decrement loop value
000634r 3  10 FA            bpl :-                                   ; and loop until done
000636r 3  8D 04 02         sta Sprite_Y_Position + (1 * SpriteLen)  ; reposition sprite 1 (floating coin)
000639r 3  8D 08 02         sta Sprite_Y_Position + (2 * SpriteLen)  ; reposition sprite 2 (background color)
00063Cr 3  A9 A9            lda #$A9                                 ; get initial X position
00063Er 3  8D 07 02         sta Sprite_X_Position + (1 * SpriteLen)  ; reposition sprite 1 (floating coin)
000641r 3  E9 08            sbc #$8                                  ; offset by 8px for the background color
000643r 3  AC rr rr         ldy MenuSelectedSubitem                  ; get which subitem is selected
000646r 3  38           :   sec                                      ; then offset by another 8px per subitem
000647r 3  E9 08            sbc #$8                                  ;
000649r 3  88               dey                                      ; decrement loop value
00064Ar 3  10 FA            bpl :-                                   ; and loop until done
00064Cr 3  8D 0B 02         sta Sprite_X_Position + (2 * SpriteLen)  ; reposition sprite 2 (background color)
00064Fr 3  60               rts                                      ; done
000650r 3               ; ===========================================================================
000650r 3               
000650r 3               ; update selected world value
000650r 3               UpdateValueWorldNumber:
000650r 3  AE rr rr         ldx WorldCount         ; get number of worlds
000653r 3  AD rr rr         lda HeldButtons        ; check held buttons
000656r 3  29 40            and #B_Button          ; are we holding B?
000658r 3  F0 02            beq :+                 ; no - skip ahead
00065Ar 3  A2 FF            ldx #$FF               ; otherwise allow selecting any value
00065Cr 3  4C rr rr     :   jmp UpdateValueShared  ; update selected menu item
00065Fr 3               
00065Fr 3               ; update selected level value
00065Fr 3               UpdateValueLevelNumber:
00065Fr 3  AE rr rr         ldx LevelCount         ; get number of levels per world
000662r 3  AD rr rr         lda HeldButtons        ; check held buttons
000665r 3  29 40            and #B_Button          ; are we holding B?
000667r 3  F0 02            beq :+                 ; no - skip ahead
000669r 3  A2 FF            ldx #$FF               ; otherwise allow selecting any value
00066Br 3  4C rr rr     :   jmp UpdateValueShared  ; update selected menu item
00066Er 3               
00066Er 3               ; update selected powerup value
00066Er 3               UpdateValuePUps:
00066Er 3  A2 06            ldx #6                 ; there are 6 total states
000670r 3  4C rr rr         jmp UpdateValueShared  ; update selected menu item
000673r 3               
000673r 3               ; update toggleable option
000673r 3               UpdateValueToggle:
000673r 3  A2 02            ldx #2                 ; toggle between two options
000675r 3  4C rr rr         jmp UpdateValueShared  ; update selected menu item
000678r 3               
000678r 3               ; ===========================================================================
000678r 3               ; Update a single byte menu item
000678r 3               ; ---------------------------------------------------------------------------
000678r 3               ; Input:  Y   = menu item index
000678r 3               ;         X   = maximum allowed value
000678r 3               ; ---------------------------------------------------------------------------
000678r 3               UpdateValueShared:
000678r 3                   @Max = $0
000678r 3  86 00            stx @Max                          ; temp store max value
00067Ar 3  18               clc                               ;
00067Br 3  AD rr rr         lda PressedButtons                ; get current inputs
00067Er 3  29 06            and #Down_Dir|Left_Dir            ; check if we're pressing decrementing direction
000680r 3  D0 0D            bne @Decrement                    ; yes - skip ahead to decrement
000682r 3               @Increment:                           ; no - we are incrementing
000682r 3  B9 rr rr         lda Settables,y                   ; get current value of the menu item
000685r 3  69 01            adc #1                            ; increment it
000687r 3  C5 00            cmp @Max                          ; check if we're beyond the maximum value
000689r 3  90 13            bcc @Store                        ; no - skip ahead to store
00068Br 3  A9 00            lda #0                            ; yes - set to 0
00068Dr 3  F0 0F            beq @Store                        ; and store
00068Fr 3               @Decrement:                           ;
00068Fr 3  B9 rr rr         lda Settables,y                   ; get current value of the menu item
000692r 3  F0 05            beq @Wrap                         ; if it's 0, wrap around
000694r 3  38               sec                               ;
000695r 3  E9 01            sbc #1                            ; otherwise, decrement it
000697r 3  50 05            bvc @Store                        ; skip ahead to store
000699r 3               @Wrap:                                ;
000699r 3  A5 00            lda @Max                          ; wrap around to the maximum value + 1
00069Br 3  38               sec                               ; and decrement it by 1
00069Cr 3  E9 01            sbc #1                            ;
00069Er 3               @Store:                               ;
00069Er 3  99 rr rr         sta Settables,y                   ; store the new value
0006A1r 3  60               rts                               ;
0006A2r 3               ; ===========================================================================
0006A2r 3               
0006A2r 3               ; ===========================================================================
0006A2r 3               ; Modify the selected framerule
0006A2r 3               ; ---------------------------------------------------------------------------
0006A2r 3               UpdateValueFramerule:
0006A2r 3  18               clc                               ;
0006A3r 3  AE rr rr         ldx MenuSelectedSubitem           ; get selected digit offset
0006A6r 3  AD rr rr         lda PressedButtons                ; check inputs
0006A9r 3  29 03            and #Right_Dir|Left_Dir           ; are we pressing left/right
0006ABr 3  F0 11            beq @update_value                 ; no - skip to check if we're changing value
0006ADr 3  CA               dex                               ; yes - we are changing which digit is selected
0006AEr 3  AD rr rr         lda PressedButtons                ; get buttons again
0006B1r 3  C9 01            cmp #Right_Dir                    ; are we pressing right?
0006B3r 3  F0 02            beq @store_selected               ; yes - store X as new selected digit
0006B5r 3  E8               inx                               ; no - we are pressing left, increment twice to offset dex
0006B6r 3  E8               inx                               ;
0006B7r 3               @store_selected:                      ;
0006B7r 3  8A               txa                               ;
0006B8r 3  29 03            and #%11                          ; mask to valid framerule value
0006BAr 3  8D rr rr         sta MenuSelectedSubitem           ; and update selected digit
0006BDr 3  60               rts                               ; done - exit
0006BEr 3               @update_value:
0006BEr 3  BC rr rr         ldy MathFrameruleDigitStart,x     ; get the digit we're changing
0006C1r 3  AD rr rr         lda PressedButtons                ; and check inputs
0006C4r 3  C9 08            cmp #Up_Dir                       ; are we pressing up?
0006C6r 3  F0 07            beq @increase                     ; yes - increment digit
0006C8r 3  88               dey                               ; no - decrement digit
0006C9r 3  10 0B            bpl @store_value                  ; if we didn't underflow, store value
0006CBr 3  A0 09            ldy #9                            ; otherwise wrap back around to 9
0006CDr 3  D0 07            bne @store_value                  ; and store value
0006CFr 3               @increase:
0006CFr 3  C8               iny                               ; we're increment, so, increment Y
0006D0r 3  C0 0A            cpy #$A                           ; check if we overflowed
0006D2r 3  D0 02            bne @store_value                  ; no - store value
0006D4r 3  A0 00            ldy #0                            ; yes - wrap back around to 0
0006D6r 3               @store_value:
0006D6r 3  98               tya                               ;
0006D7r 3  9D rr rr         sta MathFrameruleDigitStart,x     ; and save the new digit
0006DAr 3  60               rts                               ; exit!
0006DBr 3               ; ===========================================================================
0006DBr 3               
0006DBr 3               ; ===========================================================================
0006DBr 3               ; Draws a menu item to screen
0006DBr 3               ; ---------------------------------------------------------------------------
0006DBr 3               DrawValueWorld:
0006DBr 3  18               clc                               ;
0006DCr 3  AD 00 03         lda VRAM_Buffer1_Offset           ; get current vram update offset
0006DFr 3  AA               tax                               ;
0006E0r 3  69 05            adc #5                            ; offset it based on how much we're writing
0006E2r 3  8D 00 03         sta VRAM_Buffer1_Offset           ; and store it back
0006E5r 3  B9 rr rr         lda MenuValueLocationsHi,y        ; get the ppu location of this menu item, and write to vram buffer
0006E8r 3  9D 01 03         sta VRAM_Buffer1+0,x              ;
0006EBr 3  B9 rr rr         lda MenuValueLocationsLo,y        ;
0006EEr 3  9D 02 03         sta VRAM_Buffer1+1,x              ;
0006F1r 3  A9 02            lda #2                            ; we're writing 1 number and possibly an indicator
0006F3r 3  9D 03 03         sta VRAM_Buffer1+2,x              ;
0006F6r 3  B9 rr rr         lda Settables,y                   ; get the value of the settable item
0006F9r 3  48               pha                               ; push to the stack so we can use it later
0006FAr 3  69 01            adc #1                            ; increment it, since we display 1-based numbers
0006FCr 3  C9 0A            cmp #$0a                          ; have we selected a 2J world?
0006FEr 3  90 02            bcc @DrawWorldNum                 ; no, draw world number as-is
000700r 3  E9 09            sbc #$09                          ; otherwise subtract 9 for display
000702r 3               @DrawWorldNum:                        ;
000702r 3  9D 04 03         sta VRAM_Buffer1+3,x              ; store the number to be drawn
000705r 3  68               pla                               ; get the value of the settable item again
000706r 3  C9 09            cmp #$09                          ; did we select a 2J world?
000708r 3  90 04            bcc @NoStarIcon                   ; no, put blank space instead of star icon
00070Ar 3  A9 9F            lda #$9f                          ; otherwise print a star to indicate 2J worlds
00070Cr 3  D0 02            bne @StoreStarIcon                ; branch ahead
00070Er 3               @NoStarIcon:                          ;
00070Er 3  A9 24            lda #$24                          ; blank space ID
000710r 3               @StoreStarIcon:                       ;
000710r 3  9D 05 03         sta VRAM_Buffer1+4,x              ; store star icon/blank space here
000713r 3  A9 00            lda #0                            ; and mark the end of the buffer
000715r 3  9D 06 03         sta VRAM_Buffer1+5,x              ;
000718r 3  60               rts                               ;
000719r 3               ; ===========================================================================
000719r 3               
000719r 3               ; ===========================================================================
000719r 3               ; Draws a menu item to screen
000719r 3               ; ---------------------------------------------------------------------------
000719r 3               DrawValueNumber:
000719r 3  18               clc                               ;
00071Ar 3  AD 00 03         lda VRAM_Buffer1_Offset           ; get current vram update offset
00071Dr 3  AA               tax                               ;
00071Er 3  69 04            adc #4                            ; offset it based on how much we're writing
000720r 3  8D 00 03         sta VRAM_Buffer1_Offset           ; and store it back
000723r 3  B9 rr rr         lda MenuValueLocationsHi,y        ; get the ppu location of this menu item, and write to vram buffer
000726r 3  9D 01 03         sta VRAM_Buffer1+0,x              ;
000729r 3  B9 rr rr         lda MenuValueLocationsLo,y        ;
00072Cr 3  9D 02 03         sta VRAM_Buffer1+1,x              ;
00072Fr 3  A9 01            lda #1                            ; we're writing 1 number
000731r 3  9D 03 03         sta VRAM_Buffer1+2,x              ;
000734r 3  B9 rr rr         lda Settables,y                   ; get the value of the settable item
000737r 3  69 01            adc #1                            ; and increment it, since we display 1-based numbers
000739r 3  9D 04 03         sta VRAM_Buffer1+3,x              ; store the number to be drawn
00073Cr 3  A9 00            lda #0                            ; and mark the end of the buffer
00073Er 3  9D 05 03         sta VRAM_Buffer1+4,x              ;
000741r 3  60               rts                               ;
000742r 3               ; ===========================================================================
000742r 3               
000742r 3               ; ===========================================================================
000742r 3               ; Draws the four digit framerule to screen
000742r 3               ; ---------------------------------------------------------------------------
000742r 3               DrawValueFramerule:
000742r 3  18               clc                               ;
000743r 3  AD 00 03         lda VRAM_Buffer1_Offset           ; get current vram update offset
000746r 3  AA               tax                               ;
000747r 3  69 07            adc #7                            ; offset it based on how much we're writing
000749r 3  8D 00 03         sta VRAM_Buffer1_Offset           ; and store it back
00074Cr 3  B9 rr rr         lda MenuValueLocationsHi, y       ; get the ppu location of this menu item, and write to vram buffer
00074Fr 3  9D 01 03         sta VRAM_Buffer1+0, x             ;
000752r 3  B9 rr rr         lda MenuValueLocationsLo, y       ;
000755r 3  9D 02 03         sta VRAM_Buffer1+1, x             ;
000758r 3  A9 04            lda #4                            ; we're writing 4 numbers
00075Ar 3  9D 03 03         sta VRAM_Buffer1+2, x             ;
00075Dr 3  AD rr rr         lda MathFrameruleDigitStart+0     ; copy each of the four digits to vram buffer
000760r 3  9D 07 03         sta VRAM_Buffer1+3+3, x           ;
000763r 3  AD rr rr         lda MathFrameruleDigitStart+1     ;
000766r 3  9D 06 03         sta VRAM_Buffer1+3+2, x           ;
000769r 3  AD rr rr         lda MathFrameruleDigitStart+2     ;
00076Cr 3  9D 05 03         sta VRAM_Buffer1+3+1, x           ;
00076Fr 3  AD rr rr         lda MathFrameruleDigitStart+3     ;
000772r 3  9D 04 03         sta VRAM_Buffer1+3+0, x           ;
000775r 3  A9 00            lda #0                            ; and mark the end of the buffer
000777r 3  9D 08 03         sta VRAM_Buffer1+3+4, x           ;
00077Ar 3  60               rts                               ;
00077Br 3               ; ===========================================================================
00077Br 3               
00077Br 3               ; ===========================================================================
00077Br 3               ; Draws a string from a pointer to screen
00077Br 3               ; ---------------------------------------------------------------------------
00077Br 3               DrawValueString:
00077Br 3  18               clc                               ;
00077Cr 3  AD 00 03         lda VRAM_Buffer1_Offset           ; get current vram update offset
00077Fr 3  AA               tax                               ;
000780r 3  65 C2            adc MenuTextLen                   ; offset it based on string length
000782r 3  69 03            adc #3                            ; and add 3 for the header
000784r 3  8D 00 03         sta VRAM_Buffer1_Offset           ; and store it back
000787r 3  B9 rr rr         lda MenuValueLocationsHi,y        ; get the ppu location of this menu item, and write to vram buffer
00078Ar 3  9D 01 03         sta VRAM_Buffer1+0,x              ;
00078Dr 3  B9 rr rr         lda MenuValueLocationsLo,y        ;
000790r 3  9D 02 03         sta VRAM_Buffer1+1,x              ;
000793r 3  A5 C2            lda MenuTextLen                   ; write the string length to vram buffer
000795r 3  9D 03 03         sta VRAM_Buffer1+2,x              ;
000798r 3  A0 00            ldy #0                            ; prepare iterator
00079Ar 3               @CopyNext:                            ;
00079Ar 3  B1 C3            lda (MenuTextPtr),y               ; copy a byte of the string to vram
00079Cr 3  9D 04 03         sta VRAM_Buffer1+3,x              ;
00079Fr 3  E8               inx                               ; increment vram offset
0007A0r 3  C8               iny                               ; increment string read offset
0007A1r 3  C4 C2            cpy MenuTextLen                   ; check if we're done
0007A3r 3  90 F5            bcc @CopyNext                     ; no - copy next byte
0007A5r 3  A9 00            lda #0                            ; and mark the end of the buffer
0007A7r 3  9D 05 03         sta VRAM_Buffer1+4, x             ;
0007AAr 3  60               rts                               ;
0007ABr 3               ; ===========================================================================
0007ABr 3               
0007ABr 3               ; ===========================================================================
0007ABr 3               ; Draws a powerup state to screen
0007ABr 3               ; ---------------------------------------------------------------------------
0007ABr 3               DrawValueString_PUp:
0007ABr 3  B9 rr rr         lda Settables,y                   ; get the selected powerup state
0007AEr 3  0A               asl a                             ; get offset into pointer table
0007AFr 3  AA               tax                               ;
0007B0r 3  BD rr rr         lda @Strings,x                    ; copy string pointer to menu text pointer
0007B3r 3  85 C3            sta MenuTextPtr                   ;
0007B5r 3  BD rr rr         lda @Strings+1,x                  ;
0007B8r 3  85 C4            sta MenuTextPtr+1                 ;
0007BAr 3  A9 05            lda #5                            ; set fixed string length
0007BCr 3  85 C2            sta MenuTextLen                   ;
0007BEr 3  4C rr rr         jmp DrawValueString               ; and draw the string
0007C1r 3               
0007C1r 3               @Strings:
0007C1r 3  rr rr        .word @Str0
0007C3r 3  rr rr        .word @Str1
0007C5r 3  rr rr        .word @Str2
0007C7r 3  rr rr        .word @Str3
0007C9r 3  rr rr        .word @Str4
0007CBr 3  rr rr        .word @Str5
0007CDr 3               
0007CDr 3  17 18 17 0E  @Str0: .byte "NONE "
0007D1r 3  24           
0007D2r 3  24 0B 12 10  @Str1: .byte " BIG "
0007D6r 3  24           
0007D7r 3  0F 12 1B 0E  @Str2: .byte "FIRE "
0007DBr 3  24           
0007DCr 3  17 18 17 0E  @Str3: .byte "NONE!"
0007E0r 3  2B           
0007E1r 3  24 0B 12 10  @Str4: .byte " BIG!"
0007E5r 3  2B           
0007E6r 3  0F 12 1B 0E  @Str5: .byte "FIRE!"
0007EAr 3  2B           
0007EBr 3               ; ===========================================================================
0007EBr 3               
0007EBr 3               ; ===========================================================================
0007EBr 3               ; Draws player name to the screen
0007EBr 3               ; ---------------------------------------------------------------------------
0007EBr 3               DrawValueString_Hero:
0007EBr 3  B9 rr rr         lda Settables,y                   ; get the selected player
0007EEr 3  0A               asl a                             ; get offset into pointer table
0007EFr 3  AA               tax                               ;
0007F0r 3  BD rr rr         lda @Strings,x                    ; copy string pointer to menu text pointer
0007F3r 3  85 C3            sta MenuTextPtr                   ;
0007F5r 3  BD rr rr         lda @Strings+1,x                  ;
0007F8r 3  85 C4            sta MenuTextPtr+1                 ;
0007FAr 3  A9 05            lda #5                            ; set fixed string length
0007FCr 3  85 C2            sta MenuTextLen                   ;
0007FEr 3  4C rr rr         jmp DrawValueString               ; and draw the string
000801r 3               
000801r 3               @Strings:
000801r 3  rr rr        .word @Str0
000803r 3  rr rr        .word @Str1
000805r 3               
000805r 3  16 0A 1B 12  @Str0: .byte "MARIO"
000809r 3  18           
00080Ar 3  15 1E 12 10  @Str1: .byte "LUIGI"
00080Er 3  12           
00080Fr 3               ; ===========================================================================
00080Fr 3               
00080Fr 3               ; ===========================================================================
00080Fr 3               ; Draws world 9 toggle to the screen
00080Fr 3               ; ---------------------------------------------------------------------------
00080Fr 3               DrawValueString_W9:
00080Fr 3  B9 rr rr         lda Settables,y                   ; get the value of the world 9 toggle
000812r 3  0A               asl a                             ; get offset into pointer table
000813r 3  AA               tax                               ;
000814r 3  BD rr rr         lda @Strings,x                    ; copy string pointer to menu text pointer
000817r 3  85 C3            sta MenuTextPtr                   ;
000819r 3  BD rr rr         lda @Strings+1,x                  ;
00081Cr 3  85 C4            sta MenuTextPtr+1                 ;
00081Er 3  A9 03            lda #3                            ; set fixed string length
000820r 3  85 C2            sta MenuTextLen                   ;
000822r 3  4C rr rr         jmp DrawValueString               ; and draw the string
000825r 3               
000825r 3               @Strings:
000825r 3  rr rr        .word @Str0
000827r 3  rr rr        .word @Str1
000829r 3               
000829r 3  22 0E 1C     @Str0: .byte "YES"
00082Cr 3  17 18        @Str1: .byte "NO"
00082Er 3               ; ===========================================================================
00082Er 3               
00082Er 3               ; pointers to menu values
00082Er 3  D3 13 50 90  MenuValueLocationsLo: .lobytes MenuValueLocations
000832r 3  D1 10        
000834r 3  20 21 21 21  MenuValueLocationsHi: .hibytes MenuValueLocations
000838r 3  21 22        
00083Ar 3  CA 0A 4A 8A  MenuTitleLocationsLo: .lobytes MenuTitleLocations
00083Er 3  CA 0A        
000840r 3  20 21 21 21  MenuTitleLocationsHi: .hibytes MenuTitleLocations
000844r 3  21 22        
000846r 3               
000846r 2               .include "utils.asm"
000846r 3               
000846r 3               ; ===========================================================================
000846r 3               ;  Base 10 addition
000846r 3               ; ---------------------------------------------------------------------------
000846r 3               ; Input:
000846r 3               ;   X - offset into base10 value list to add
000846r 3               ;   A - value to add
000846r 3               ; ---------------------------------------------------------------------------
000846r 3               B10Add:
000846r 3  18               clc                        ;
000847r 3  7D rr rr         adc MathDigits,x           ; add value to digit
00084Ar 3  9D rr rr         sta MathDigits,x           ; store result
00084Dr 3  C9 0A        :   cmp #10                    ; compare against 10
00084Fr 3  90 12            bcc @Done                  ; if less than 10, we're done
000851r 3  A9 00            lda #0                     ; otherwise, set to 0
000853r 3  9D rr rr         sta MathDigits,x           ; store result
000856r 3  E8               inx                        ; move to next digit
000857r 3  30 0A            bmi @Done                  ; if no more digits, we're done
000859r 3  BD rr rr         lda MathDigits,x           ; get next digit
00085Cr 3  69 00            adc #0                     ; add our carry
00085Er 3  9D rr rr         sta MathDigits,x           ; store result
000861r 3  90 EA            bcc :-                     ; and keep going until we don't have a carry
000863r 3               @Done:                         ;
000863r 3  60               rts                        ;
000864r 3               ; ===========================================================================
000864r 3               
000864r 3               ; ===========================================================================
000864r 3               ;  Divide A value by 10
000864r 3               ; ---------------------------------------------------------------------------
000864r 3               ;  Example:
000864r 3               ;  lda #145
000864r 3               ;  jsr B10DivideBy10
000864r 3               ;  ; A = 5   (remainder)
000864r 3               ;  ; X = 14  (quotient)
000864r 3               ; ---------------------------------------------------------------------------
000864r 3               B10DivBy10:
000864r 3  A2 00            ldx #$00                  ; clear result
000866r 3  C9 0A        :   cmp #$0a                  ; compare current value against 10
000868r 3  90 05            bcc @Done                 ; if lower, then we are finished
00086Ar 3  E9 0A            sbc #$0a                  ; otherwise subtract 10
00086Cr 3  E8               inx                       ; and increment result
00086Dr 3  D0 F7            bne :-                    ; keep looping
00086Fr 3               @Done:                        ;
00086Fr 3  60               rts                       ; done
000870r 3               ; ===========================================================================
000870r 3               
000870r 3               ; ================================================================
000870r 3               ;  6502 multiply by 10
000870r 3               ; ----------------------------------------------------------------
000870r 3               MultiplyBy10:
000870r 3  0A               asl                       ; multiply by 2
000871r 3  85 00            sta $0                    ; store in temp value
000873r 3  0A               asl                       ; multiply by 4
000874r 3  0A               asl                       ;
000875r 3  18               clc                       ;
000876r 3  65 00            adc $0                    ; add temp value, so, (A*2*4)+(A*2)
000878r 3  60               rts                       ; done
000879r 3               ; ================================================================
000879r 3               
000879r 3               ;; copied code from smb1
000879r 3               WriteVRAMBufferToScreen:
000879r 3  AD 00 03         lda VRAM_Buffer1_Offset
00087Cr 3  F0 2F            beq @Skip
00087Er 3  A0 03            ldy #>(VRAM_Buffer1)
000880r 3  84 01            sty $1
000882r 3  A0 01            ldy #<(VRAM_Buffer1)
000884r 3  84 00            sty $0
000886r 3  A0 00            ldy #0
000888r 3               @KeepWriting:
000888r 3  20 rr rr         jsr WriteBufferPtrToScreen
00088Br 3  B1 00            lda ($0),y
00088Dr 3  F0 10            beq @Done
00088Fr 3  18               clc
000890r 3  98               tya
000891r 3  65 00            adc $0
000893r 3  85 00            sta $0
000895r 3  A5 01            lda $1
000897r 3  69 00            adc #$0
000899r 3  85 01            sta $1
00089Br 3  A0 00            ldy #0
00089Dr 3  50 E9            bvc @KeepWriting
00089Fr 3               @Done:
00089Fr 3  A9 00            lda #0
0008A1r 3  8D 01 03         sta VRAM_Buffer1
0008A4r 3  8D 00 03         sta VRAM_Buffer1_Offset
0008A7r 3  8D 05 20         sta PPU_SCROLL_REG
0008AAr 3  8D 05 20         sta PPU_SCROLL_REG
0008ADr 3               @Skip:
0008ADr 3  60               rts
0008AEr 3               
0008AEr 3               WriteBufferPtrToScreen:
0008AEr 3  B1 00            lda ($0),y
0008B0r 3  C9 1F            cmp #$1F
0008B2r 3  90 19            bcc @Done
0008B4r 3  8D 06 20         sta PPU_ADDRESS
0008B7r 3  C8               iny
0008B8r 3  B1 00            lda ($0),y
0008BAr 3  8D 06 20         sta PPU_ADDRESS
0008BDr 3  C8               iny
0008BEr 3  B1 00            lda ($0),y
0008C0r 3  AA               tax
0008C1r 3  F0 0A            beq @Done
0008C3r 3               @Continue:
0008C3r 3  C8               iny
0008C4r 3  B1 00            lda ($0),y
0008C6r 3  8D 07 20         sta PPU_DATA
0008C9r 3  CA               dex
0008CAr 3  D0 F7            bne @Continue
0008CCr 3  C8               iny
0008CDr 3               @Done:
0008CDr 3  60               rts
0008CEr 3               
0008CEr 3               ReadJoypadsCurrent:
0008CEr 3  A9 01            lda #$01
0008D0r 3  8D 16 40         sta JOYPAD_PORT
0008D3r 3  8D rr rr         sta HeldButtons
0008D6r 3  4A               lsr a
0008D7r 3  8D 16 40         sta JOYPAD_PORT
0008DAr 3               @KeepReading:
0008DAr 3  AD 16 40         lda JOYPAD_PORT
0008DDr 3  4A               lsr a
0008DEr 3  2E rr rr         rol HeldButtons
0008E1r 3  90 F7            bcc @KeepReading
0008E3r 3  60               rts
0008E4r 3               
0008E4r 3               ReadJoypads:
0008E4r 3  20 rr rr         jsr ReadJoypadsCurrent
0008E7r 3  AD rr rr         lda HeldButtons
0008EAr 3  49 FF            eor #%11111111
0008ECr 3  2D rr rr         and LastReadButtons
0008EFr 3  8D rr rr         sta ReleasedButtons
0008F2r 3  AD rr rr         lda LastReadButtons
0008F5r 3  49 FF            eor #%11111111
0008F7r 3  2D rr rr         and HeldButtons
0008FAr 3  8D rr rr         sta PressedButtons
0008FDr 3  AD rr rr         lda HeldButtons
000900r 3  8D rr rr         sta LastReadButtons
000903r 3  60               rts
000904r 3               
000904r 3               JumpEngine:
000904r 3  84 00            sty $00
000906r 3  0A               asl          ;shift bit from contents of A
000907r 3  A8               tay
000908r 3  68               pla          ;pull saved return address from stack
000909r 3  85 04            sta $04      ;save to indirect
00090Br 3  68               pla
00090Cr 3  85 05            sta $05
00090Er 3  C8               iny
00090Fr 3  B1 04            lda ($04),y  ;load pointer from indirect
000911r 3  85 06            sta $06      ;note that if an RTS is performed in next routine
000913r 3  C8               iny          ;it will return to the execution before the sub
000914r 3  B1 04            lda ($04),y  ;that called this routine
000916r 3  85 07            sta $07
000918r 3  88               dey
000919r 3  88               dey
00091Ar 3  98               tya
00091Br 3  A4 00            ldy $00
00091Dr 3  6C 06 00         jmp ($06)    ;jump to the address we loaded
000920r 3               
000920r 3               
000920r 2               .include "background.asm"
000920r 3               BGDATA:
000920r 3  24 24 24 24  .incbin "../scripts/graphics/menu.bin"
000924r 3  24 24 24 24  
000928r 3  24 24 24 24  
000CE0r 3               
000CE0r 3               ; attributes
000CE0r 3  FF FF FF FF  .byte $FF, $FF, $FF, $FF, $FF, $FF, $FF, $FF
000CE4r 3  FF FF FF FF  
000CE8r 3  FF FF FF FF  .byte $FF, $FF, $FF, $FF, $FF, $FF, $FF, $FF
000CECr 3  FF FF FF FF  
000CF0r 3  FF FF FF FF  .byte $FF, $FF, $FF, $FF, $FF, $FF, $FF, $FF
000CF4r 3  FF FF FF FF  
000CF8r 3  FF FF FF FF  .byte $FF, $FF, $FF, $FF, $FF, $FF, $FF, $FF
000CFCr 3  FF FF FF FF  
000D00r 3  FF FF FF FF  .byte $FF, $FF, $FF, $FF, $FF, $00, $00, $00
000D04r 3  FF 00 00 00  
000D08r 3  00 00 40 50  .byte $00, $00, $40, $50, $50, $50, $00, $00
000D0Cr 3  50 50 00 00  
000D10r 3  00 00 04 05  .byte $00, $00, $04, $05, $05, $05, $00, $00
000D14r 3  05 05 00 00  
000D18r 3  00 00 00 00  .byte $00, $00, $00, $00, $00, $00, $00, $00
000D1Cr 3  00 00 00 00  
000D20r 3               
000D20r 3               MenuPalette:
000D20r 3  0F 30 10 00  .byte $0F, $30, $10, $00
000D24r 3  0F 11 01 02  .byte $0F, $11, $01, $02
000D28r 3  0F 30 10 00  .byte $0F, $30, $10, $00
000D2Cr 3  0F 30 2D 00  .byte $0F, $30, $2D, $00
000D30r 3               
000D30r 3  0F 16 30 27  .byte $0F, $16, $30, $27
000D34r 3  0F 11 11 11  .byte $0F, $11, $11, $11
000D38r 3  0F 0F 10 0F  .byte $0F, $0F, $10, $0F
000D3Cr 3  0F 0F 10 0F  .byte $0F, $0F, $10, $0F
000D40r 3               MenuPaletteEnd:
000D40r 3               
000D40r 2               .include "bankswitching.asm"
000D40r 3               .import __PRACTISE_WRAMCODE_LOAD__, __PRACTISE_WRAMCODE_RUN__, __PRACTISE_WRAMCODE_SIZE__
000D40r 3               .import WriteScoreAndCoinTally
000D40r 3               
000D40r 3               
000D40r 3               ; ===========================================================================
000D40r 3               ;  Copy bankswitching code to WRAM
000D40r 3               ; ---------------------------------------------------------------------------
000D40r 3               InitBankSwitchingCode:
000D40r 3  A2 00            ldx #0                                    ; init X
000D42r 3  BD rr rr     :   lda __PRACTISE_WRAMCODE_LOAD__,x          ; load byte from ROM
000D45r 3  9D rr rr         sta __PRACTISE_WRAMCODE_RUN__,x           ; and copy to WRAM
000D48r 3  BD rr rr         lda __PRACTISE_WRAMCODE_LOAD__+$100,x     ; load byte from ROM
000D4Br 3  9D rr rr         sta __PRACTISE_WRAMCODE_RUN__+$100,x      ; and copy to WRAM
000D4Er 3  E8               inx                                       ; increment to copy full page
000D4Fr 3  D0 F1            bne :-                                    ;
000D51r 3  60               rts                                       ;
000D52r 3               ; ===========================================================================
000D52r 3               
000D52r 3               ; this code is copied into WRAM and used to jump between banks
000D52r 3               .pushseg
000D52r 3               .segment "PRACTISE_WRAMCODE"
000000r 3               ; export symbols so that we can call them from smb1 and title screen as needed
000000r 3               .export BANK_PractiseNMI
000000r 3               .export BANK_PractiseReset
000000r 3               .export BANK_PractiseWriteBottomStatusLine
000000r 3               .export BANK_PractiseWriteTopStatusLine
000000r 3               .export BANK_PractisePrintScore
000000r 3               .export BANK_PractiseEnterStage
000000r 3               
000000r 3               ; these values can get replaced during patching
000000r 3  16           WorldCount: .byte 22
000001r 3  04           LevelCount: .byte 4
000002r 3  4C rr rr     RELOCATE_GetAreaDataAddrs: jmp GetAreaDataAddrs
000005r 3  4C rr rr     RELOCATE_LoadAreaPointer: jmp LoadAreaPointer
000008r 3  4C rr rr     RELOCATE_PlayerEndWorld: jmp EndWorld1Thru7
00000Br 3  4C rr rr     RELOCATE_NonMaskableInterrupt: jmp NMIHandler
00000Er 3  4C rr rr     RELOCATE_GL_ENTER: jmp GL_ENTER
000011r 3               
000011r 3               ; wrappers around some title screen routines to be called from the game
000011r 3               BANK_PractiseNMI:
000011r 3  20 rr rr     jsr BANK_TITLE_RTS
000014r 3  20 rr rr     jsr PractiseNMI
000017r 3  4C rr rr     jmp BANK_GAME_RTS
00001Ar 3               
00001Ar 3               BANK_PractiseReset:
00001Ar 3  20 rr rr     jsr BANK_TITLE_RTS
00001Dr 3  4C rr rr     jmp HotReset
000020r 3               
000020r 3               BANK_PractiseWriteBottomStatusLine:
000020r 3  20 rr rr     jsr WriteScoreAndCoinTally ;write player's score and coin tally to screen
000023r 3  20 rr rr     jsr BANK_TITLE_RTS
000026r 3  20 rr rr     jsr PractiseWriteBottomStatusLine
000029r 3  4C rr rr     jmp BANK_GAME_RTS
00002Cr 3               
00002Cr 3               BANK_PractiseWriteTopStatusLine:
00002Cr 3  20 rr rr     jsr BANK_TITLE_RTS
00002Fr 3  20 rr rr     jsr PractiseWriteTopStatusLine
000032r 3  4C rr rr     jmp BANK_GAME_RTS
000035r 3               
000035r 3               BANK_PractisePrintScore:
000035r 3  20 rr rr     jsr BANK_TITLE_RTS
000038r 3  20 rr rr     jsr RedrawLowFreqStatusbar
00003Br 3  4C rr rr     jmp BANK_GAME_RTS
00003Er 3               
00003Er 3               BANK_PractiseEnterStage:
00003Er 3  20 rr rr     jsr BANK_TITLE_RTS
000041r 3  20 rr rr     jsr PractiseEnterStage
000044r 3  4C rr rr     jmp BANK_GAME_RTS
000047r 3  60           rts
000048r 3               
000048r 3               ; ===========================================================================
000048r 3               ;  Attempt to find the level selected on the menu screen
000048r 3               ; ---------------------------------------------------------------------------
000048r 3               BANK_AdvanceToLevel:
000048r 3  AD 5F 07         lda WorldNumber                     ; check selected world number
00004Br 3  C9 09            cmp #$09                            ; did we select a 2J world?
00004Dr 3  90 05            bcc @SMB1Levels                     ; if not, branch ahead to store world
00004Fr 3  EE FB 07         inc HardWorldFlag                   ; otherwise increment flag for 2J levels
000052r 3  E9 09            sbc #$09                            ; subtract world number by 9 to correctly store
000054r 3               @SMB1Levels:
000054r 3  8D 5F 07         sta WorldNumber                     ; store the result in the world number
000057r 3  C9 09            cmp #$09                            ; did we select a letter world?
000059r 3  90 03            bcc @NumberWorlds                   ; if not, branch ahead
00005Br 3  EE 6A 07         inc PrimaryHardMode                 ; otherwise set hard mode for letter worlds
00005Er 3               @NumberWorlds:
00005Er 3  20 rr rr         jsr BANK_LEVELBANK_RTS              ; switch to the level banks
000061r 3                   @AreaNumber = $0                    ;
000061r 3  A2 00            ldx #0                              ;
000063r 3  86 00            stx @AreaNumber                     ; clear temp area number
000065r 3  8E 60 07         stx AreaNumber                      ; clear area number
000068r 3  AE 5C 07         ldx LevelNumber                     ; get how many levels to advance
00006Br 3  F0 17            beq @LevelFound                     ; if we're on the first level, we're done
00006Dr 3               @NextArea:                              ;
00006Dr 3  20 rr rr         jsr RELOCATE_LoadAreaPointer        ; otherwise, load the area pointer
000070r 3  20 rr rr         jsr RELOCATE_GetAreaDataAddrs       ; then get the pointer to the area data
000073r 3  EE 60 07         inc AreaNumber                      ; advance area pointer
000076r 3  AD 10 07         lda PlayerEntranceCtrl              ; get what kind of entry this level has
000079r 3  29 04            and #%00000100                      ; check if it's a controllable area
00007Br 3  F0 04            beq @AreaOK                         ; yes - advance to next level
00007Dr 3  E6 00            inc @AreaNumber                     ; yes - increment temp area number
00007Fr 3  50 EC            bvc @NextArea                       ; and check next area
000081r 3               @AreaOK:                                ;
000081r 3  CA               dex                                 ; decrement number of levels we need to advance
000082r 3  D0 E9            bne @NextArea                       ; and keep running if we haven't reached our level
000084r 3               @LevelFound:                            ;
000084r 3  18               clc                                 ;
000085r 3  AD 5C 07         lda LevelNumber                     ; get level we are starting on
000088r 3  65 00            adc @AreaNumber                     ; and add how many areas we needed to skip
00008Ar 3  8D 60 07         sta AreaNumber                      ; and store that as the area number
00008Dr 3  A9 00            lda #0                              ; clear sound
00008Fr 3  8D 11 40         sta SND_DELTA_REG+1                 ;
000092r 3  20 rr rr         jsr RELOCATE_LoadAreaPointer        ; reload pointers for this area
000095r 3  20 rr rr         jsr RELOCATE_GetAreaDataAddrs       ;
000098r 3  20 rr rr         jsr BANK_GAME_RTS                   ; load game bank
00009Br 3  A9 A5            lda #$a5                            ;
00009Dr 3  4C rr rr         jmp RELOCATE_GL_ENTER               ; then start the game
0000A0r 3               ; ===========================================================================
0000A0r 3               
0000A0r 3               ; return to previous segment
0000A0r 3               .popseg
000D52r 3               
000D52r 2               .include "rng.asm"
000D52r 3               ; lookup tables of RNG values for different framerules, each offset is another 2100 frames
000D52r 3  28 34 0C 55  resume_0: .byte $28, $34, $0c, $55, $f8, $fa, $97, $c0, $15, $05, $ed, $7e, $95, $ae, $09, $b4, $e0, $9a, $50, $f6, $ac, $99, $91, $8d, $9c, $4f, $fe, $9a, $49, $3a, $47, $4a, $ee, $96, $64, $82, $b9, $65, $d3, $e7, $38, $03, $97, $27, $e0, $32, $35, $fa, $43, $38, $b1, $75, $a4, $c1, $e0, $58, $49, $28, $7b, $9c, $6e, $cf, $df, $61, $ae, $95, $4a, $b7, $e7, $25, $12, $d0, $d3, $8a, $d2, $19, $95, $9a, $92, $ef, $72, $4e, $94, $72, $de, $0c, $d0, $ca, $46, $39, $ca, $ea, $81, $6a, $22, $35, $b1, $0e, $af
000D56r 3  F8 FA 97 C0  
000D5Ar 3  15 05 ED 7E  
000DB5r 3  02 86 C4 17  resume_1: .byte $02, $86, $c4, $17, $a1, $53, $48, $01, $65, $c5, $06, $42, $a4, $db, $67, $d7, $87, $5b, $36, $d7, $3d, $02, $ec, $b8, $c5, $99, $f7, $97, $bb, $1e, $65, $48, $8f, $a7, $44, $fb, $6e, $fb, $44, $3a, $3c, $41, $8e, $33, $95, $b0, $53, $97, $09, $fc, $e6, $69, $5d, $ca, $f7, $90, $2d, $d6, $5f, $51, $22, $c0, $78, $ef, $f7, $7c, $28, $dc, $d4, $f3, $54, $4d, $1a, $99, $d5, $ed, $9a, $2b, $fd, $cc, $3c, $60, $bf, $76, $bd, $24, $81, $97, $50, $8d, $a7, $f9, $34, $7c, $ae, $a5, $0c, $40, $52
000DB9r 3  A1 53 48 01  
000DBDr 3  65 C5 06 42  
000E18r 3  52 EF DD BD  resume_2: .byte $52, $ef, $dd, $bd, $50, $a7, $66, $81, $4f, $ce, $dc, $be, $8f, $86, $75, $be, $46, $6f, $96, $3a, $65, $30, $cf, $a3, $fc, $06, $0a, $a2, $28, $6a, $eb, $dc, $52, $8a, $8c, $fe, $1c, $30, $e2, $f4, $4c, $47, $a1, $7d, $54, $d5, $39, $62, $8f, $8d, $85, $83, $15, $49, $36, $21, $bf, $87, $a9, $69, $fe, $5f, $c6, $2c, $aa, $56, $bc, $b3, $1b, $b8, $70, $ed, $bc, $8c, $70, $de, $b1, $1f, $d8, $13, $d8, $fc, $96, $92, $00, $3c, $20, $02, $dc, $fe, $32, $2c, $36, $a8, $eb, $ce, $6e, $5c, $0c
000E1Cr 3  50 A7 66 81  
000E20r 3  4F CE DC BE  
000E7Br 3  56 E2 54 92  resume_3: .byte $56, $e2, $54, $92, $12, $00, $f6, $82, $85, $45, $d1, $3b, $c6, $31, $bb, $11, $48, $d9, $fb, $94, $1f, $34, $16, $d2, $77, $34, $e4, $8d, $5e, $56, $20, $4d, $4c, $c5, $05, $09, $c0, $c6, $6b, $81, $34, $c5, $bc, $1b, $7e, $b4, $9f, $4c, $9c, $74, $48, $50, $af, $dd, $d8, $01, $e4, $2a, $16, $cb, $bb, $df, $37, $f2, $45, $ae, $ed, $0a, $b3, $5f, $d8, $76, $89, $bf, $da, $05, $84, $49, $23, $8b, $a1, $3d, $e9, $7f, $7a, $74, $22, $2c, $7d, $e5, $7c, $de, $5e, $51, $b6, $85, $76, $dc, $a8
000E7Fr 3  12 00 F6 82  
000E83r 3  85 45 D1 3B  
000EDEr 3  F2 3D EE E9  resume_4: .byte $f2, $3d, $ee, $e9, $b2, $4e, $3b, $81, $1a, $d9, $68, $47, $d9, $3d, $50, $6d, $c4, $06, $d6, $e1, $d5, $54, $88, $95, $8f, $38, $f1, $c8, $0e, $82, $f6, $f5, $e8, $d0, $1d, $f5, $f9, $a7, $af, $68, $ac, $4a, $ff, $e1, $d6, $1f, $ec, $88, $83, $6e, $42, $56, $84, $4e, $b5, $43, $9b, $24, $44, $18, $46, $60, $bb, $ab, $11, $03, $94, $6c, $84, $2f, $39, $ac, $f0, $a6, $3b, $b9, $e7, $77, $93, $ac, $10, $c5, $c4, $5b, $7a, $0c, $62, $28, $c5, $18, $18, $87, $32, $01, $61, $18, $aa, $65, $b1
000EE2r 3  B2 4E 3B 81  
000EE6r 3  1A D9 68 47  
000F41r 3  5F F9 47 CC  resume_5: .byte $5f, $f9, $47, $cc, $97, $4e, $d7, $84, $10, $52, $ca, $31, $54, $5f, $26, $4f, $55, $b4, $21, $c8, $ea, $3c, $a5, $30, $60, $50, $38, $d3, $b2, $2f, $b7, $6e, $71, $5b, $17, $e6, $78, $2a, $78, $6a, $c5, $c0, $86, $d6, $2b, $77, $d3, $11, $ba, $86, $d2, $f6, $db, $f4, $04, $41, $52, $70, $68, $8e, $30, $de, $d4, $4e, $9b, $5f, $4f, $78, $e3, $91, $89, $41, $e3, $d9, $8f, $b2, $ee, $e5, $d4, $bb, $52, $be, $17, $a5, $8e, $e4, $26, $70, $3e, $d2, $e0, $3a, $8e, $a3, $0d, $12, $47, $dd, $e0
000F45r 3  97 4E D7 84  
000F49r 3  10 52 CA 31  
000FA4r 3  BB 82 9B 1F  resume_6: .byte $bb, $82, $9b, $1f, $f2, $d2, $a0, $87, $24, $e0, $1b, $bf, $e6, $25, $86, $95, $dd, $b9, $8d, $0b, $41, $94, $b4, $1a, $7e, $20, $da, $42, $af, $2b, $5a, $84, $a1, $fb, $2d, $0d, $8a, $64, $26, $ba, $9c, $55, $79, $15, $87, $49, $0a, $01, $bd, $5b, $57, $5b, $d2, $69, $6e, $c7, $64, $38, $e0, $bf, $bc, $1f, $a3, $18, $b8, $59, $67, $a0, $ea, $ce, $fa, $19, $02, $94, $f8, $c1, $21, $0a, $f3, $e2, $72, $35, $9f, $12, $7b, $fd, $e2, $20, $b4, $e3, $d1, $34, $eb, $a0, $cf, $22, $13, $16, $83
000FA8r 3  F2 D2 A0 87  
000FACr 3  24 E0 1B BF  
001007r 3               
001007r 3               ; ================================================================
001007r 3               ;  Setup framerule RNG
001007r 3               ; ----------------------------------------------------------------
001007r 3               RNGQuickResume:
001007r 3  AD rr rr         lda MathFrameruleDigitStart+3        ; get hundreds and thousands digits of bcd framerule value
00100Ar 3  20 rr rr         jsr MultiplyBy10                     ;
00100Dr 3  6D rr rr         adc MathFrameruleDigitStart+2        ;
001010r 3  AA               tax                                  ; store in X
001011r 3  BD rr rr         lda resume_0,x                       ; get rng value from lookup table for this offset
001014r 3  8D A7 07         sta PseudoRandomBitReg+0             ;
001017r 3  BD rr rr         lda resume_1,x                       ;
00101Ar 3  8D A8 07         sta PseudoRandomBitReg+1             ;
00101Dr 3  BD rr rr         lda resume_2,x                       ;
001020r 3  8D A9 07         sta PseudoRandomBitReg+2             ;
001023r 3  BD rr rr         lda resume_3,x                       ;
001026r 3  8D AA 07         sta PseudoRandomBitReg+3             ;
001029r 3  BD rr rr         lda resume_4,x                       ;
00102Cr 3  8D AB 07         sta PseudoRandomBitReg+4             ;
00102Fr 3  BD rr rr         lda resume_5,x                       ;
001032r 3  8D AC 07         sta PseudoRandomBitReg+5             ;
001035r 3  BD rr rr         lda resume_6,x                       ;
001038r 3  8D AD 07         sta PseudoRandomBitReg+6             ;
00103Br 3               @FrameruleAdjust:
00103Br 3  AD rr rr         lda MathFrameruleDigitStart + 1      ; get ones and tens digits of bcd framerule value
00103Er 3  20 rr rr         jsr MultiplyBy10                     ;
001041r 3  6D rr rr         adc MathFrameruleDigitStart + 0      ;
001044r 3  A8               tay                                  ; store in Y
001045r 3  F0 03            beq @FrameAdjust                     ; if not set, we can skip ahead
001047r 3  20 rr rr         jsr FRStepRNGByY                     ; otherwise we advance the RNG based on the framerule value * 21
00104Ar 3               @FrameAdjust:
00104Ar 3  AC 0B 60         ldy IncrementRNG_122                 ; did we hold A or B for a frame offset?
00104Dr 3  F0 14            beq :+                               ; branch ahead if not
00104Fr 3  88               dey									 ; did we hold A for both quests patterns?
001050r 3  F0 0C            beq @BothQuestsRNG					 ; if so, branch ahead to offset rng
001052r 3  A0 FE            ldy #254							 ; otherwise set Y for 431 frames (254 + 177)
001054r 3  20 rr rr         jsr StepRNGByY						 ; and adjust rng for all stages patterns
001057r 3  A0 B1            ldy #177							 ; hallo :D
001059r 3  20 rr rr         jsr StepRNGByY                       ;
00105Cr 3  F0 05            beq :+                               ; unconditional branch when done
00105Er 3               @BothQuestsRNG:
00105Er 3  A0 7A            ldy #122                             ; set Y for 122 frames
001060r 3  20 rr rr         jsr StepRNGByY                       ; and adjust rng for both endings patterns
001063r 3  AE rr rr     :   ldx SettablesPUP                     ; check if player has selected a powerup
001066r 3  D0 01            bne :+                               ; yes - skip ahead to adjust rng
001068r 3  60               rts                                  ; no - we are done!
001069r 3  BC rr rr     :   ldy @FramerulePowerupAdjust-1,x      ; check rng steps for current powerup value
00106Cr 3  20 rr rr         jsr StepRNGByY                       ; and adjust the rng for this value
00106Fr 3  CA               dex                                  ; decrement to next powerup value
001070r 3  D0 F7            bne :-                               ; and loop until we reach small mario state
001072r 3  60               rts                                  ; then we are done!
001073r 3               @FramerulePowerupAdjust:
001073r 3  3B               .byte 59                            ; fr pause from grabbing mushroom
001074r 3  3F               .byte 63                            ; fr pause from grabbing fireflower
001075r 3  BF               .byte 254 - 63                      ; fr pause from small fire (minus fr pause from grabbing fire)
001076r 3  3B               .byte 59                            ; fr pause from grabbing mushroom
001077r 3  3F               .byte 63                            ; fr pause from grabbing fireflower
001078r 3               ; ================================================================
001078r 3               
001078r 3               ; ================================================================
001078r 3               ;  Advance RNG by Y framerules
001078r 3               ; ----------------------------------------------------------------
001078r 3               FRStepRNGByY:
001078r 3  20 rr rr         jsr FRStepRNG
00107Br 3  88               dey
00107Cr 3  D0 FA            bne FRStepRNGByY
00107Er 3  60               rts
00107Fr 3               ; ================================================================
00107Fr 3               
00107Fr 3               ; ================================================================
00107Fr 3               ;  Advance RNG by Y frames
00107Fr 3               ; ----------------------------------------------------------------
00107Fr 3               StepRNGByY:
00107Fr 3  20 rr rr         jsr SingleStepRNG
001082r 3  88               dey
001083r 3  D0 FA            bne StepRNGByY
001085r 3  60               rts
001086r 3               ; ================================================================
001086r 3               
001086r 3               ; ================================================================
001086r 3               ;  Advance RNG by 21 frames
001086r 3               ; ----------------------------------------------------------------
001086r 3               FRStepRNG:
001086r 3  20 rr rr         jsr SingleStepRNG
001089r 3  20 rr rr         jsr SingleStepRNG
00108Cr 3  20 rr rr         jsr SingleStepRNG
00108Fr 3  20 rr rr         jsr SingleStepRNG
001092r 3  20 rr rr         jsr SingleStepRNG
001095r 3  20 rr rr         jsr SingleStepRNG
001098r 3  20 rr rr         jsr SingleStepRNG
00109Br 3  20 rr rr         jsr SingleStepRNG
00109Er 3  20 rr rr         jsr SingleStepRNG
0010A1r 3  20 rr rr         jsr SingleStepRNG
0010A4r 3  20 rr rr         jsr SingleStepRNG
0010A7r 3  20 rr rr         jsr SingleStepRNG
0010AAr 3  20 rr rr         jsr SingleStepRNG
0010ADr 3  20 rr rr         jsr SingleStepRNG
0010B0r 3  20 rr rr         jsr SingleStepRNG
0010B3r 3  20 rr rr         jsr SingleStepRNG
0010B6r 3  20 rr rr         jsr SingleStepRNG
0010B9r 3  20 rr rr         jsr SingleStepRNG
0010BCr 3  20 rr rr         jsr SingleStepRNG
0010BFr 3  20 rr rr         jsr SingleStepRNG
0010C2r 3  4C rr rr         jmp SingleStepRNG
0010C5r 3               ; ================================================================
0010C5r 3               
0010C5r 3               ; ================================================================
0010C5r 3               ;  Advance RNG by a single game frame
0010C5r 3               ; ----------------------------------------------------------------
0010C5r 3               SingleStepRNG:
0010C5r 3  48               pha
0010C6r 3  AD A7 07         lda PseudoRandomBitReg         ; get first memory location of LSFR bytes
0010C9r 3  29 02            and #%00000010                 ; mask out all but d1
0010CBr 3  85 00            sta $00                        ; save here
0010CDr 3  AD A8 07         lda PseudoRandomBitReg+1       ; get second memory location
0010D0r 3  29 02            and #%00000010                 ; mask out all but d1
0010D2r 3  45 00            eor $00                        ; perform exclusive-OR on d1 from first and second bytes
0010D4r 3  18               clc                            ; if neither or both are set, carry will be clear
0010D5r 3  F0 01            beq RotPRandomBit
0010D7r 3  38               sec                            ; if one or the other is set, carry will be set
0010D8r 3               RotPRandomBit:
0010D8r 3  6E A7 07         ror PseudoRandomBitReg+0       ; rotate carry into d7, and rotate last bit into carry
0010DBr 3  6E A8 07         ror PseudoRandomBitReg+1       ; rotate carry into d7, and rotate last bit into carry
0010DEr 3  6E A9 07         ror PseudoRandomBitReg+2       ; rotate carry into d7, and rotate last bit into carry
0010E1r 3  6E AA 07         ror PseudoRandomBitReg+3       ; rotate carry into d7, and rotate last bit into carry
0010E4r 3  6E AB 07         ror PseudoRandomBitReg+4       ; rotate carry into d7, and rotate last bit into carry
0010E7r 3  6E AC 07         ror PseudoRandomBitReg+5       ; rotate carry into d7, and rotate last bit into carry
0010EAr 3  6E AD 07         ror PseudoRandomBitReg+6       ; rotate carry into d7, and rotate last bit into carry
0010EDr 3  68               pla
0010EEr 3  60               rts
0010EFr 3               ; ================================================================
0010EFr 3               
0010EFr 2               
0010EFr 2               ; magic save header for WRAM
0010EFr 2               ROMSaveHeader:
0010EFr 2  03 20 07 21  .byte $03, $20, $07, $21, $03
0010F3r 2  03           
0010F4r 2               ROMSaveHeaderEnd:
0010F4r 2               ROMSaveHeaderLen = ROMSaveHeaderEnd-ROMSaveHeader
0010F4r 2               
0010F4r 1               
0010F4r 1               .segment "INES"
000000r 1               ; MMC3 INES header
000000r 1               INES_MAPPER = 4 << 4
000000r 1               INES_BATTERY = %00000010
000000r 1               INES_VERTICAL_MIRROR = %00000001
000000r 1  4E 45 53 1A  .byte $4E,$45,$53,$1A ; NES
000004r 1  08           .byte 8               ; prg banks
000005r 1  02           .byte 2               ; chr banks
000006r 1  43           .byte INES_MAPPER | INES_BATTERY | INES_VERTICAL_MIRROR
000007r 1               
000007r 1               ;.segment "PRACTISE_PRG0"
000007r 1               ;TitleMMC3NMI:
000007r 1               ;    jsr BANK_GAME_RTS
000007r 1               ;    jmp RELOCATE_NonMaskableInterrupt
000007r 1               
000007r 1               .segment "PRACTISE_PRG2"
000000r 1               ; ================================================================
000000r 1               ;  Boot game into title screen
000000r 1               ; ----------------------------------------------------------------
000000r 1               ColdTitleReset:
000000r 1  78               sei                       ; 6502 init
000001r 1  D8               cld                       ;
000002r 1  A2 FF            ldx #$FF                  ; clear stack
000004r 1  9A               txs                       ;
000005r 1  A9 C0            lda #$c0                  ; disable APU IRQs
000007r 1  8D 17 40     	sta JOYPAD_PORT2          ;
00000Ar 1  A9 80            lda #PractiseBank         ; init greated mapper state
00000Cr 1  A2 06            ldx #$06                  ;
00000Er 1  8E 00 80         stx $8000                 ;
000011r 1  8D 01 80         sta $8001                 ;
000014r 1  20 rr rr         jsr InitializeBG_CHR      ; init CHR banks
000017r 1  20 rr rr         jsr InitializeSPR_CHR     ;
00001Ar 1  4C rr rr         jmp TitleReset2           ; and prepare the title screen
00001Dr 1               ; ----------------------------------------------------------------
00001Dr 1               
00001Dr 1               ; the following code is copied to battery backed ram
00001Dr 1               .segment "PRACTISE_WRAMCODE"
0000A0r 1               
0000A0r 1               BANK_GAME_NMI:
0000A0r 1  AD rr rr         lda IsPlaying
0000A3r 1  D0 06            bne @InGameMode
0000A5r 1  20 rr rr         jsr BANK_TITLE_RTS
0000A8r 1  4C rr rr         jmp TitleNMI
0000ABr 1               @InGameMode:
0000ABr 1  20 rr rr         jsr BANK_GAME_RTS
0000AEr 1  4C rr rr         jmp RELOCATE_NonMaskableInterrupt
0000B1r 1               
0000B1r 1               ; ================================================================
0000B1r 1               ;  Handle loading new level banks
0000B1r 1               ; ----------------------------------------------------------------
0000B1r 1               BANK_LEVELBANK_RTS:
0000B1r 1  48               pha                     ; save whatever A value we were called with
0000B2r 1  A9 06            lda #6                  ; set mmc state
0000B4r 1  8D 00 80         sta $8000               ;
0000B7r 1  A9 8A            lda #LevelsBank         ;
0000B9r 1  8D 01 80         sta $8001               ; set bank
0000BCr 1  A9 07            lda #7                  ;
0000BEr 1  8D 00 80         sta $8000               ;
0000C1r 1  A9 8B            lda #LevelsBank+1       ;
0000C3r 1  8D 01 80         sta $8001               ;
0000C6r 1  68               pla                     ; restore the A value we were called with
0000C7r 1  60               rts                     ;
0000C8r 1               ; ================================================================
0000C8r 1               
0000C8r 1               ; ================================================================
0000C8r 1               ;  Load into game bank and return control
0000C8r 1               ; ----------------------------------------------------------------
0000C8r 1               BANK_GAME_RTS:
0000C8r 1  48               pha                     ; push our current A value to not disturb it
0000C9r 1  A9 06            lda #6                  ; set mmc3 state for game mode
0000CBr 1  8D 00 80         sta $8000               ;
0000CEr 1  A9 8C            lda #GameBank           ;
0000D0r 1  8D 01 80         sta $8001               ;
0000D3r 1  A9 07            lda #7                  ;
0000D5r 1  8D 00 80         sta $8000               ;
0000D8r 1  A9 8D            lda #GameBank+1         ;
0000DAr 1  8D 01 80         sta $8001               ;
0000DDr 1  68               pla                     ; restore previous A value
0000DEr 1  60               rts                     ;
0000DFr 1               ; ================================================================
0000DFr 1               
0000DFr 1               ; ================================================================
0000DFr 1               ;  Load into title screen and return control
0000DFr 1               ; ----------------------------------------------------------------
0000DFr 1               BANK_TITLE_RTS:
0000DFr 1  48               pha                     ; push our current A value to not disturb it
0000E0r 1  A9 06            lda #6                  ; set mmc3 state for title mode
0000E2r 1  8D 00 80         sta $8000               ;
0000E5r 1  A9 80            lda #PractiseBank       ;
0000E7r 1  8D 01 80         sta $8001               ;
0000EAr 1  A9 07            lda #7                  ;
0000ECr 1  8D 00 80         sta $8000               ;
0000EFr 1  A9 81            lda #PractiseBank+1     ;
0000F1r 1  8D 01 80         sta $8001               ;
0000F4r 1  68               pla                     ; restore previous A value
0000F5r 1  60               rts                     ;
0000F6r 1               ; ================================================================
0000F6r 1               
0000F6r 1               ; interrupt handlers
0000F6r 1               .segment "PRACTISE_VEC"
000000r 1  rr rr        .word BANK_GAME_NMI
000002r 1  rr rr        .word ColdTitleReset
000004r 1  rr rr        .word IRQHandler
000004r 1               
